A2B Veg,2017,South Indian,,,Sat, 10:12 AM,"ORDER #1080629888 | Sun, Feb 19, 10:12 AM"," Feb 19, 10:12 AM","Sun, Feb 19, 11:05 AM",265,"Poori Masala (2 Pcs) x 1, Ghee Pongal x 1, Sathu Kodi Juice (without Ice) x 2",5th Block jayanagar
Aasife & Brothers,2017,Biryani,,,Sun, 10:18 PM,"ORDER #1103224099 | Sat, Aug 19, 10:18 PM"," Aug 19, 10:18 PM","Sat, Aug 19, 10:46 PM",204,Falooda x 1,LB Road adyar
Aasife & Brothers,2017,Biryani,,,Thu, 10:25 PM,"ORDER #1099309025 | Sun, Jul 23, 10:25 PM"," Jul 23, 10:25 PM","Sun, Jul 23, 10:45 PM",204,Falooda x 1,LB Road adyar
Aasife & Brothers,2016,Biryani,,,Mon, 1:13 PM,"ORDER #1060912330 | Thu, Jun 9, 1:13 PM"," Jun 9, 1:13 PM","Thu, Jun 9, 1:52 PM",163,Chicken Biryani x 1,LB Road adyar
Agarwal Caterers,2018,North Indian,,,Tue, 7:58 PM,"ORDER #1153789194 | Mon, Mar 19, 7:58 PM"," Mar 19, 7:58 PM","Mon, Mar 19, 8:15 PM",86,"Roti x 3, Butter Roti x 2",Teachers Colony adyar
Agarwal Caterers,2016,North Indian,,,Fri, 7:55 PM,"ORDER #1075569082 | Tue, Dec 27, 7:55 PM"," Dec 27, 7:55 PM","Tue, Dec 27, 8:25 PM",150,Aloo Paratha x 6,Teachers Colony adyar
Agarwal Caterers,2016,North Indian,,,Sun, 7:53 PM,"ORDER #1070451614 | Fri, Oct 28, 7:53 PM"," Oct 28, 7:53 PM","Fri, Oct 28, 8:15 PM",196,"Paneer Butter Masala x 1, Roti x 12, Aloo Paratha x 1",Teachers Colony adyar
Bay Fresh Shawarma,2017,Arabian,,,Sun, 7:02 PM,"ORDER #1101258252 | Sun, Aug 6, 7:02 PM"," Aug 6, 7:02 PM","Sun, Aug 6, 7:15 PM",190,Normal Shawarma Roll x 2,Besant Nagar adyar
Bay Fresh Shawarma,2017,Arabian,,,Sun, 5:42 PM,"ORDER #1096339260 | Sun, Jul 2, 5:42 PM"," Jul 2, 5:42 PM","Sun, Jul 2, 5:54 PM",210,"Normal Shawarma Roll x 1, Special Shawarma Roll x 1",Besant Nagar adyar
Bay Fresh Shawarma,2017,Arabian,,,Sat, 4:32 PM,"ORDER #1077336956 | Sun, Jan 15, 4:32 PM"," Jan 15, 4:32 PM","Sun, Jan 15, 4:59 PM",160,Normal Shawarma Roll x 2,Besant Nagar adyar
Bay Fresh Shawarma,2016,Arabian,,,Sat, 4:21 PM,"ORDER #1075277580 | Sat, Dec 24, 4:21 PM"," Dec 24, 4:21 PM","Sat, Dec 24, 4:58 PM",210,"Special Shawarma Roll x 1, Normal Shawarma Roll x 1",Besant Nagar adyar
Bayleaf OTG,2017,North Indian,,,Wed, 4:33 PM,"ORDER #1114515782 | Sat, Oct 28, 4:33 PM"," Oct 28, 4:33 PM","Sat, Oct 28, 4:53 PM",250,"Chicken Egg Kati Roll x 1, Chicken Egg Kati Roll x 1",Besant Nagar adyar
Bayleaf OTG,2017,North Indian,,,Wed, 8:52 PM,"ORDER #1110379414 | Wed, Oct 4, 8:52 PM"," Oct 4, 8:52 PM","Wed, Oct 4, 9:13 PM",250,"Chicken Egg Kati Roll x 1, Chicken Egg Kati Roll x 1",Besant Nagar adyar
Bayleaf OTG,2017,North Indian,,,Tue, 5:34 PM,"ORDER #1109202323 | Wed, Sep 27, 5:34 PM"," Sep 27, 5:34 PM","Wed, Sep 27, 5:54 PM",260,Chicken Egg Kati Roll x 2,Besant Nagar adyar
Bayleaf OTG,2017,North Indian,,,Fri, 6:43 PM,"ORDER #1109067036 | Tue, Sep 26, 6:43 PM"," Sep 26, 6:43 PM","Tue, Sep 26, 7:01 PM",250,"Chicken Egg Kati Roll x 1, Chicken Egg Kati Roll x 1",Besant Nagar adyar
Bayleaf OTG,2017,North Indian,,,Sun, 10:29 PM,"ORDER #1106191745 | Fri, Sep 8, 10:29 PM"," Sep 8, 10:29 PM","Fri, Sep 8, 10:47 PM",258,"Chicken Tikka Kati Roll x 1, Chicken Kati Roll x 1",Besant Nagar adyar
Biryani Kitchen,2016,Biryani,,,Sun, 2:15 PM,"ORDER #1058095960 | Sun, May 8, 2:15 PM"," May 8, 2:15 PM","Sun, May 8, 2:53 PM",240,Boneless Chicken Biryani x 1,ITPL Main Road whitefield
Bombaysthan,2018,Dessert,,,Sun, 4:38 PM,"ORDER #1159135508 | Sun, Apr 1, 4:38 PM"," Apr 1, 4:38 PM","Sun, Apr 1, 4:57 PM",116,Vanilla with Ice cream Milkshake x 1,Besant Nagar adyar
Bombaysthan,2017,Dessert,,,Sat, 3:02 PM,"ORDER #1103318498 | Sun, Aug 20, 3:02 PM"," Aug 20, 3:02 PM","Sun, Aug 20, 3:14 PM",142,Vanilla with Ice cream Milkshake x 1,Besant Nagar adyar
Bombaysthan,2017,Dessert,,,Sun, 2:32 PM,"ORDER #1098041409 | Sat, Jul 15, 2:32 PM"," Jul 15, 2:32 PM","Sat, Jul 15, 2:46 PM",142,Vanilla with Ice cream Milkshake x 1,Besant Nagar adyar
Bombaysthan,2017,Dessert,,,Sun, 2:31 PM,"ORDER #1090784663 | Sun, May 21, 2:31 PM"," May 21, 2:31 PM","Sun, May 21, 2:56 PM",286,"Mixed Fruit Cream x 1, Vanilla with Ice cream Milkshake x 1",Besant Nagar adyar
Bombaysthan,2017,Dessert,,,Sun, 10:31 PM,"ORDER #1088305055 | Sun, Apr 30, 10:31 PM"," Apr 30, 10:31 PM","Sun, Apr 30, 10:48 PM",127,Vanilla with Ice cream Milkshake x 1,Besant Nagar adyar
Bombaysthan,2017,Dessert,,,Tue, 9:05 PM,"ORDER #1078701819 | Sun, Jan 29, 9:05 PM"," Jan 29, 9:05 PM","Sun, Jan 29, 9:39 PM",127,Vanilla with Ice cream Milkshake x 1,Besant Nagar adyar
Brownie Heaven,2017,Dessert,,,Thu, 10:19 PM,"ORDER #1076903160 | Tue, Jan 10, 10:19 PM"," Jan 10, 10:19 PM","Tue, Jan 10, 11:01 PM",188,Classic Brownie (Per Pc) x 2,Thiruvanmiyur ECR-kottivakkam
Brownie Heaven,2016,Dessert,,,Wed, 9:55 PM,"ORDER #1071949068 | Thu, Nov 17, 9:55 PM"," Nov 17, 9:55 PM","Thu, Nov 17, 10:29 PM",161,Classic Brownie (Per Pc) x 2,Thiruvanmiyur ECR-kottivakkam
Brownie Heaven,2016,Dessert,,,Mon, 9:58 PM,"ORDER #1069821497 | Wed, Oct 19, 9:58 PM"," Oct 19, 9:58 PM","Wed, Oct 19, 10:43 PM",161,Brookies & Cream 2.0 x 1,Thiruvanmiyur ECR-kottivakkam
Cafe Adoniya,2018,Dessert,,,Tue, 11:52 PM,"ORDER #1156365973 | Sun, Mar 25, 11:52 PM"," Mar 25, 11:52 PM","Mon, Mar 26, 12:08 AM",60,Vanilla Milkshake x 1,Besant Nagar Beach adyar
Cafe Adoniya,2018,Dessert,,,Sun, 10:38 PM,"ORDER #1132315857 | Tue, Jan 16, 10:38 PM"," Jan 16, 10:38 PM","Tue, Jan 16, 10:51 PM",100,Fudge Brownie x 1,Besant Nagar Beach adyar
CK's Bakery,2017,Snacks,,,Fri, 6:02 PM,"ORDER #1111059479 | Sun, Oct 8, 6:02 PM"," Oct 8, 6:02 PM","Sun, Oct 8, 6:29 PM",274,"Chicken Tikka Panini x 1, Chicken Tikka Sandwich x 1, Chicken Tikka Sub x 1",Kamraj Ave 2nd St adyar
CK's Bakery,2017,Snacks,,,Tue, 7:41 PM,"ORDER #1095076276 | Fri, Jun 23, 7:41 PM"," Jun 23, 7:41 PM","Fri, Jun 23, 7:59 PM",197,"Smoke Chicken Sandwich x 1, Chicken Tikka Sandwich x 1",Shasthri Nagar adyar
CK's Bakery,2017,Snacks,,,Mon, 6:29 PM,"ORDER #1091890677 | Tue, May 30, 6:29 PM"," May 30, 6:29 PM","Tue, May 30, 6:52 PM",187,"Chicken Tikka Panini x 1, Chicken Tikka Sandwich x 1",Kamraj Ave 2nd St adyar
CK's Bakery,2017,Snacks,,,Thu, 1:12 PM,"ORDER #1079401252 | Mon, Feb 6, 1:12 PM"," Feb 6, 1:12 PM","Mon, Feb 6, 1:52 PM",307,"Smoked Chicken Panini x 1, Grilled Veg And Cheese Sandwich x 1, Grilled Peri Peri Paneer Sandwich x 1, Chicken Tikka Sandwich x 1",Shasthri Nagar adyar
Cool Biz,2018,Dessert,,,Tue, 9:51 PM,"ORDER #1152173134 | Thu, Mar 15, 9:51 PM"," Mar 15, 9:51 PM","Thu, Mar 15, 10:16 PM",80,Vanilla Ice creams Shake x 1,Lattice Bridge Road adyar
Cool Biz,2018,Dessert,,,Tue, 2:01 PM,"ORDER #1138635074 | Tue, Feb 6, 2:01 PM"," Feb 6, 2:01 PM","Tue, Feb 6, 2:10 PM",0,Strawberry Milkshake with Ice x 1,Lattice Bridge Road adyar
Cool Biz,2017,Dessert,,,Sun, 10:19 PM,"ORDER #1083751349 | Tue, Mar 21, 10:19 PM"," Mar 21, 10:19 PM","Tue, Mar 21, 10:36 PM",175,"Vanilla Ice creams Shake x 1, Royal Falooda x 1",Lattice Bridge Road adyar
Cool Biz,2017,Dessert,,,Sun, 2:58 PM,"ORDER #1082786296 | Sun, Mar 12, 2:58 PM"," Mar 12, 2:58 PM","Sun, Mar 12, 3:13 PM",175,"Royal Falooda x 1, Vanilla Ice creams Shake x 1",Lattice Bridge Road adyar
Cozee,2017,North Indian,,,Tue, 4:21 PM,"ORDER #1082097190 | Sun, Mar 5, 4:21 PM"," Mar 5, 4:21 PM","Sun, Mar 5, 4:53 PM",272,"Chicken Fried Rice x 1, Lime Mint Cooler x 1",Besant Nagar adyar
Cozee - Box Out,2018,North Indian,,,Tue, 12:55 AM,"ORDER #1166277115 | Tue, Apr 17, 12:55 AM"," Apr 17, 12:55 AM","Tue, Apr 17, 1:30 AM",228,Chicken Fried Noodles x 1,Thiruvanmiyur adyar
Cozee - Box Out,2018,North Indian,,,Mon, 12:29 AM,"ORDER #1162940722 | Tue, Apr 10, 12:29 AM"," Apr 10, 12:29 AM","Tue, Apr 10, 1:06 AM",228,Chicken Fried Rice x 1,Thiruvanmiyur adyar
Cozee - Box Out,2018,North Indian,,,Wed, 9:52 PM,"ORDER #1145860512 | Mon, Feb 26, 9:52 PM"," Feb 26, 9:52 PM","Mon, Feb 26, 10:26 PM",198,Chicken Fried Noodles x 1,Thiruvanmiyur adyar
Cozee - Box Out,2018,North Indian,,,Fri, 11:47 PM,"ORDER #1138829202 | Tue, Feb 6, 11:47 PM"," Feb 6, 11:47 PM","Wed, Feb 7, 12:24 AM",187,"Butter Naan x 2, Chicken Tikka Masala Gravy x 1",Thiruvanmiyur adyar
Cozee - Box Out,2018,North Indian,,,Mon, 11:27 PM,"ORDER #1134962714 | Thu, Jan 25, 11:27 PM"," Jan 25, 11:27 PM","Fri, Jan 26, 12:02 AM",207,Chicken Fried Rice x 1,Thiruvanmiyur adyar
Cozee - Box Out,2018,North Indian,,,Wed, 10:16 PM,"ORDER #1130074177 | Mon, Jan 8, 10:16 PM"," Jan 8, 10:16 PM","Mon, Jan 8, 10:43 PM",177,Chicken Fried Rice x 1,Thiruvanmiyur adyar
Cozee - Box Out,2017,North Indian,,,Mon, 11:53 PM,"ORDER #1123767886 | Tue, Dec 12, 11:53 PM"," Dec 12, 11:53 PM","Wed, Dec 13, 12:33 AM",177,Chicken Fried Noodles x 1,Thiruvanmiyur adyar
Cozee - Box Out,2017,North Indian,,,Wed, 7:30 PM,"ORDER #1123505430 | Mon, Dec 11, 7:30 PM"," Dec 11, 7:30 PM","Mon, Dec 11, 8:08 PM",293,"Butter Naan x 2, Chicken Tikka Masala Gravy x 1",Thiruvanmiyur adyar
Cozee - Box Out,2017,North Indian,,,Thu, 11:31 PM,"ORDER #1120722617 | Tue, Nov 28, 11:31 PM"," Nov 28, 11:31 PM","Wed, Nov 29, 12:06 AM",207,Chicken Fried Noodles x 1,Thiruvanmiyur adyar
Cozee - Box Out,2017,North Indian,,,Thu, 9:10 PM,"ORDER #1118186490 | Thu, Nov 16, 9:10 PM"," Nov 16, 9:10 PM","Thu, Nov 16, 9:35 PM",376,"Chicken Fried Rice x 1, Garlic Chicken x 1",Thiruvanmiyur adyar
Cozee - Box Out,2017,North Indian,,,Thu, 11:13 PM,"ORDER #1116867179 | Thu, Nov 9, 11:13 PM"," Nov 9, 11:13 PM","Thu, Nov 9, 11:45 PM",342,"Chicken Tikka Masala Gravy x 1, Butter Naan x 2",Thiruvanmiyur adyar
Cozee - Box Out,2017,North Indian,,,Mon, 12:32 AM,"ORDER #1116701257 | Thu, Nov 9, 12:32 AM"," Nov 9, 12:32 AM","Thu, Nov 9, 12:50 AM",219,Chicken Fried Rice x 1,Thiruvanmiyur adyar
Cozee - Box Out,2017,North Indian,,,Thu, 12:39 AM,"ORDER #1116221929 | Mon, Nov 6, 12:39 AM"," Nov 6, 12:39 AM","Mon, Nov 6, 12:59 AM",186,Chicken Kathi Roll x 1,Thiruvanmiyur adyar
Cozee - Box Out,2017,North Indian,,,Wed, 11:02 PM,"ORDER #1114228463 | Thu, Oct 26, 11:02 PM"," Oct 26, 11:02 PM","Thu, Oct 26, 11:24 PM",219,Chicken Fried Rice x 1,Thiruvanmiyur adyar
Cozee - Box Out,2017,North Indian,,,Fri, 11:37 PM,"ORDER #1114070865 | Wed, Oct 25, 11:37 PM"," Oct 25, 11:37 PM","Wed, Oct 25, 11:58 PM",219,Chicken Fried Rice x 1,Thiruvanmiyur adyar
Cozee - Box Out,2017,North Indian,,,Thu, 11:18 PM,"ORDER #1113212729 | Fri, Oct 20, 11:18 PM"," Oct 20, 11:18 PM","Fri, Oct 20, 11:57 PM",375,"Chicken Fried Noodles x 1, Chicken Kathi Roll x 1",Thiruvanmiyur adyar
Cozee - Box Out,2017,North Indian,,,Sat, 12:31 AM,"ORDER #1111609164 | Thu, Oct 12, 12:31 AM"," Oct 12, 12:31 AM","Thu, Oct 12, 12:53 AM",219,Chicken Fried Noodles x 1,Thiruvanmiyur adyar
Cozee - Box Out,2017,North Indian,,,Sat, 10:04 PM,"ORDER #1107491059 | Sat, Sep 16, 10:04 PM"," Sep 16, 10:04 PM","Sat, Sep 16, 10:26 PM",106,Butter Naan x 2,Thiruvanmiyur adyar
Cozee - Box Out,2017,North Indian,,,Sat, 9:02 PM,"ORDER #1107468840 | Sat, Sep 16, 9:02 PM"," Sep 16, 9:02 PM","Sat, Sep 16, 9:59 PM",329,"Butter Naan x 2, Chicken Tikka Masala Gravy x 1",Thiruvanmiyur adyar
Cozee - Box Out,2017,North Indian,,,Fri, 10:18 PM,"ORDER #1106371626 | Sat, Sep 9, 10:18 PM"," Sep 9, 10:18 PM","Sat, Sep 9, 11:12 PM",329,"Butter Naan x 2, Chicken Tikka Masala Gravy x 1",Thiruvanmiyur adyar
Cozee - Box Out,2017,North Indian,,,Fri, 9:27 PM,"ORDER #1105118291 | Fri, Sep 1, 9:27 PM"," Sep 1, 9:27 PM","Fri, Sep 1, 9:55 PM",329,"Butter Naan x 2, Chicken Tikka Masala Gravy x 1",Thiruvanmiyur adyar
Cozee - Box Out,2017,North Indian,,,Thu, 11:33 PM,"ORDER #1100955431 | Fri, Aug 4, 11:33 PM"," Aug 4, 11:33 PM","Fri, Aug 4, 11:58 PM",265,Dragon Chicken x 1,Thiruvanmiyur adyar
Cozee - Box Out,2017,North Indian,,,Thu, 11:28 PM,"ORDER #1099797137 | Thu, Jul 27, 11:28 PM"," Jul 27, 11:28 PM","Thu, Jul 27, 11:55 PM",194,Chicken Kathi Roll x 1,Thiruvanmiyur adyar
Cozee - Box Out,2017,North Indian,,,Tue, 10:38 PM,"ORDER #1098801095 | Thu, Jul 20, 10:38 PM"," Jul 20, 10:38 PM","Thu, Jul 20, 11:02 PM",229,Chicken Fried Noodles x 1,Thiruvanmiyur adyar
Cozee - Box Out,2017,North Indian,,,Wed, 10:35 PM,"ORDER #1097597533 | Tue, Jul 11, 10:35 PM"," Jul 11, 10:35 PM","Tue, Jul 11, 11:00 PM",229,Chicken Fried Rice x 1,Thiruvanmiyur adyar
Cozee - Box Out,2017,North Indian,,,Thu, 8:41 PM,"ORDER #1095801326 | Wed, Jun 28, 8:41 PM"," Jun 28, 8:41 PM","Wed, Jun 28, 9:14 PM",314,"Chicken Fried Noodles x 1, Chicken Kathi Roll x 1",Thiruvanmiyur adyar
Cozee - Box Out,2017,North Indian,,,Fri, 12:40 AM,"ORDER #1093920236 | Thu, Jun 15, 12:40 AM"," Jun 15, 12:40 AM","Thu, Jun 15, 1:05 AM",202,Chicken Fried Noodles x 1,Thiruvanmiyur adyar
Cozee - Box Out,2017,North Indian,,,Fri, 12:03 AM,"ORDER #1093110691 | Fri, Jun 9, 12:03 AM"," Jun 9, 12:03 AM","Fri, Jun 9, 12:24 AM",202,Chicken Fried Rice x 1,Thiruvanmiyur adyar
Cozee - Box Out,2017,North Indian,,,Thu, 9:10 PM,"ORDER #1089700409 | Fri, May 12, 9:10 PM"," May 12, 9:10 PM","Fri, May 12, 9:43 PM",315,"Chicken Tikka Masala Gravy x 1, Butter Naan x 2, Butter Roti x 1",Thiruvanmiyur adyar
Cozee - Box Out,2017,North Indian,,,Sun, 11:23 PM,"ORDER #1078969862 | Wed, Feb 1, 11:23 PM"," Feb 1, 11:23 PM","Thu, Feb 2, 12:02 AM",285,"Butter Naan x 2, Chicken Tikka Masala Gravy x 1",Thiruvanmiyur adyar
Cream stone,2017,Dessert,,,Tue, 10:13 PM,"ORDER #1106586342 | Sun, Sep 10, 10:13 PM"," Sep 10, 10:13 PM","Sun, Sep 10, 10:21 PM",258,"Brownie Break x 1, French Vanilla Ice cream x 1",Kasthuribai Nagar adyar
Dhabba Express,2017,North Indian,,,Sat, 7:30 PM,"ORDER #1117809217 | Tue, Nov 14, 7:30 PM"," Nov 14, 7:30 PM","Tue, Nov 14, 8:00 PM",327,"Butter Naan x 2, Butter Chicken x 1",Besant Nagar adyar
Dhabba Express,2017,North Indian,,,Mon, 8:47 PM,"ORDER #1078567598 | Sat, Jan 28, 8:47 PM"," Jan 28, 8:47 PM","Sat, Jan 28, 9:20 PM",542,"Lucknowi Chicken Biryani x 1, Chilli Paneer Dry x 1, Tandoori Roti x 1, Chicken Malai Tikka x 1",Besant Nagar adyar
Dhabba Express,2016,North Indian,,,Thu, 8:13 PM,"ORDER #1057059809 | Mon, Apr 25, 8:13 PM"," Apr 25, 8:13 PM","Mon, Apr 25, 9:03 PM",263,"Tandoori Chicken (Half) x 1, Chicken Fried Rice x 1",Besant Nagar adyar
Domino's Pizza,2018,Pizza,,,Sun, 9:12 PM,"ORDER #1154857554 | Thu, Mar 22, 9:12 PM"," Mar 22, 9:12 PM","Thu, Mar 22, 10:42 PM",205,Margherita x 1,Kasturibai Nagar adyar
Domino's Pizza,2018,Pizza,,,Thu, 7:25 PM,"ORDER #1153399442 | Sun, Mar 18, 7:25 PM"," Mar 18, 7:25 PM","Sun, Mar 18, 8:06 PM",205,Margherita x 1,Kasturibai Nagar adyar
Domino's Pizza,2018,Pizza,,,Wed, 7:21 PM,"ORDER #1152065894 | Thu, Mar 15, 7:21 PM"," Mar 15, 7:21 PM","Thu, Mar 15, 8:14 PM",205,Margherita x 1,Kasturibai Nagar adyar
Domino's Pizza,2018,Pizza,,,Thu, 10:08 PM,"ORDER #1151815375 | Wed, Mar 14, 10:08 PM"," Mar 14, 10:08 PM","Wed, Mar 14, 11:15 PM",205,Margherita x 1,Kasturibai Nagar adyar
Domino's Pizza,2018,Pizza,,,Sun, 9:06 PM,"ORDER #1149380352 | Thu, Mar 8, 9:06 PM"," Mar 8, 9:06 PM","Thu, Mar 8, 10:15 PM",320,Pepper Barbecue Chicken x 1,Kasturibai Nagar adyar
Eatalica,2018,European,,,Tue, 5:31 PM,"ORDER #1145370194 | Sun, Feb 25, 5:31 PM"," Feb 25, 5:31 PM","Sun, Feb 25, 5:59 PM",292,"Monica Chewinsky (Chilli Cheese Fries) x 1, Tommy Lee Bones Burger x 1",RA Puram alwarpet
Eatalica,2018,European,,,Sat, 6:08 PM,"ORDER #1141073350 | Tue, Feb 13, 6:08 PM"," Feb 13, 6:08 PM","Tue, Feb 13, 6:55 PM",176,Tex Harrison Burger x 1,RA Puram alwarpet
Eatalica,2017,European,,,Thu, 10:19 PM,"ORDER #1117281197 | Sat, Nov 11, 10:19 PM"," Nov 11, 10:19 PM","Sat, Nov 11, 10:50 PM",322,Giorgio Bologna (Lasagne Bolognese Chicken) x 1,RA Puram alwarpet
Eatalica,2017,European,,,Sat, 5:18 PM,"ORDER #1083899839 | Thu, Mar 23, 5:18 PM"," Mar 23, 5:18 PM","Thu, Mar 23, 5:54 PM",370,"Tyrese Jigson x 1, Lucille Balls (Chicken Nuggets) x 1",RA Puram alwarpet
Eatalica,2017,European,,,Fri, 12:18 PM,"ORDER #1078495892 | Sat, Jan 28, 12:18 PM"," Jan 28, 12:18 PM","Sat, Jan 28, 1:07 PM",427,"Monica Chewinsky (Chilli Cheese Fries) x 1, Jennifer Lawrence (Bruschetta) x 1, Lucille Balls (Chicken Nuggets) x 1",RA Puram alwarpet
Eatalica,2017,European,,,Mon, 12:59 PM,"ORDER #1076433655 | Fri, Jan 6, 12:59 PM"," Jan 6, 12:59 PM","Fri, Jan 6, 1:46 PM",627,"Breadie Murphy (Garlic Bread with Cheese)B x 1, Monica Chewinsky (Chilli Cheese Fries) x 1, Tyrese Jigson x 2",RA Puram alwarpet
Eatalica,2016,European,,,Thu, 1:10 PM,"ORDER #1069150850 | Mon, Oct 10, 1:10 PM"," Oct 10, 1:10 PM","Mon, Oct 10, 2:02 PM",396,"Federico Fillini x 1, Tyrese Jigson x 1",RA Puram alwarpet
Eatalica,2016,European,,,Can, 10:13 PM,"ORDER #1066046038 | Thu, Aug 25, 10:13 PM"," Aug 25, 10:13 PM","Thu, Aug 25, 10:46 PM",243,"Breadie Murphy (Garlic Bread with Cheese) x 1, Giorgio Bologna (Lasagne Bolognese Chicken) x 1",RA Puram alwarpet
Eatalica,2016,European,,,Tue, 9:55 PM,"ORDER #1066044450 | Thu, Aug 25, 9:55 PM"," Aug 25, 9:55 PM",Cancelled on,393,"Breadie Murphy (Garlic Bread with Cheese) x 1, Giorgio Bologna (Lasagne Bolognese Chicken) x 1",RA Puram alwarpet
Eatalica,2016,European,,,Sat, 8:57 PM,"ORDER #1062014659 | Tue, Jun 21, 8:57 PM"," Jun 21, 8:57 PM","Tue, Jun 21, 9:43 PM",233,"Chicken Harry Cowdini Burger x 1, Chicken Ham Free Bogart Burger x 1",RA Puram alwarpet
Eatalica,2016,European,,,Fri, 9:41 PM,"ORDER #1055264834 | Sat, Apr 2, 9:41 PM"," Apr 2, 9:41 PM","Sat, Apr 2, 10:15 PM",362,"Tommy Lee Bones Burger x 1, Giorgio Bologna (Lasagne Bolognese Chicken) x 1",RA Puram alwarpet
Faasos,2018,North Indian,,,Mon, 1:22 PM,"ORDER #1146959031 | Fri, Mar 2, 1:22 PM"," Mar 2, 1:22 PM","Fri, Mar 2, 1:54 PM",305,"Chole Pav Slider x 1, Dal Makhani Kulcha Combo x 2, Chicken Tikka Rice Feast x 1","Sangam Colony,East Coast Road ECR-kottivakkam"
Frootster,2017,North Indian,,,Sun, 3:35 PM,"ORDER #1080790334 | Mon, Feb 20, 3:35 PM"," Feb 20, 3:35 PM","Mon, Feb 20, 4:19 PM",125,"Sukka Puri (5 Pcs) x 1, Guava Milkshake (Seasonal) x 1",CP Ramasaway alwarpet
Gangotree,2017,Chaat,,,Tue, 4:13 PM,"ORDER #1102254219 | Sun, Aug 13, 4:13 PM"," Aug 13, 4:13 PM","Sun, Aug 13, 4:41 PM",268,"Cheese Pav Bhaji x 1, Dahi Papri Chaat x 1, Pani Puri x 1, Rasgulla x 1",Gandhi Nagar adyar
Gangotree,2016,Chaat,,,Sat, 6:57 PM,"ORDER #1070677211 | Tue, Nov 1, 6:57 PM"," Nov 1, 6:57 PM","Tue, Nov 1, 7:38 PM",156,"Dahi Papri Chaat x 1, Pav Bhaji x 1",Gandhi Nagar adyar
Great Wall,2017,Chinese,,,Tue, 8:37 PM,"ORDER #1101088671 | Sat, Aug 5, 8:37 PM"," Aug 5, 8:37 PM","Sat, Aug 5, 9:07 PM",400,"Dragon Chicken x 1, Chicken Fried Noodles x 1",Besant Nagar adyar
Hotel City Gate,2017,Indian,,,Thu, 2:42 PM,"ORDER #1110171212 | Tue, Oct 3, 2:42 PM"," Oct 3, 2:42 PM","Tue, Oct 3, 3:03 PM",339,"Chicken Tikka Masala x 1, Chicken Butter Masala x 1",Near Jayanthi Signal adyar
Hotel City Gate,2017,Indian,,,Wed, 9:21 PM,"ORDER #1101828802 | Thu, Aug 10, 9:21 PM"," Aug 10, 9:21 PM","Thu, Aug 10, 9:51 PM",297,"Butter Naan x 2, Chicken Tikka Masala x 1",Near Jayanthi Signal adyar
Hotel Saravana Bhavan,2016,South Indian,,,Wed, 12:48 PM,"ORDER #1075610578 | Wed, Dec 28, 12:48 PM"," Dec 28, 12:48 PM","Wed, Dec 28, 1:35 PM",312,"Garlic Fried Rice (Large) x 1, Cauliflower Manchurian x 1",Mylapore mylapore
Hotel Saravana Bhavan,2016,South Indian,,,Thu, 12:42 PM,"ORDER #1075609798 | Wed, Dec 28, 12:42 PM"," Dec 28, 12:42 PM","Wed, Dec 28, 1:35 PM",159,"Idli (5) x 1, Ghee Roast Dosai (Regular) x 1",Mylapore mylapore
Hotel Topsee,2017,Indian,,,Fri, 10:46 PM,"ORDER #1103957108 | Thu, Aug 24, 10:46 PM"," Aug 24, 10:46 PM","Thu, Aug 24, 11:01 PM",242,Tandoori Chicken x 1,LB Road adyar
Kalo's,2018,Pizza,,,Thu, 11:13 PM,"ORDER #1133133138 | Fri, Jan 19, 11:13 PM"," Jan 19, 11:13 PM","Fri, Jan 19, 11:42 PM",248,"Brownie x 1, Loaded Cheese Fries x 1",Besant Nagar adyar
Kalo's,2017,Pizza,,,Thu, 10:19 PM,"ORDER #1113041694 | Thu, Oct 19, 10:19 PM"," Oct 19, 10:19 PM","Thu, Oct 19, 10:49 PM",207,Fudgy Chocolate Brownie x 2,Besant Nagar adyar
Kalo's,2017,Pizza,,,Tue, 9:23 PM,"ORDER #1111753249 | Thu, Oct 12, 9:23 PM"," Oct 12, 9:23 PM","Thu, Oct 12, 9:46 PM",423,"12"" Classic Margherita with Basil Pizza x 1, Fudgy Chocolate Brownie x 1",Besant Nagar adyar
Kulfi House,2017,Dessert,,,Sat, 10:05 PM,"ORDER #1091062808 | Tue, May 23, 10:05 PM"," May 23, 10:05 PM","Tue, May 23, 10:23 PM",170,"Strawberry Kulfi x 1, Chocolate Kulfi x 1",Adyar adyar
Malabar House,2018,South Indian,,,Wed, 9:23 PM,"ORDER #1168607121 | Sat, Apr 21, 9:23 PM"," Apr 21, 9:23 PM","Sat, Apr 21, 10:01 PM",282,"Butter Naan x 1, Chicken Tikka Masala x 1, Garlic Naan x 1",Adyar adyar
Malabar House,2018,South Indian,,,Tue, 8:18 PM,"ORDER #1154465728 | Wed, Mar 21, 8:18 PM"," Mar 21, 8:18 PM","Wed, Mar 21, 8:41 PM",299,"Butter Naan x 2, Butter Chicken x 1, Chicken Shawarma with Kuboos x 1",Adyar adyar
Malabar House,2018,South Indian,,,Sat, 8:03 PM,"ORDER #1154121027 | Tue, Mar 20, 8:03 PM"," Mar 20, 8:03 PM","Tue, Mar 20, 8:24 PM",231,"Chicken Fried Rice x 1, Lime Mint Cooler x 1, Chicken Shawarma with Kuboos x 1",Adyar adyar
Malabar House,2018,South Indian,,,Mon, 10:31 PM,"ORDER #1153067965 | Sat, Mar 17, 10:31 PM"," Mar 17, 10:31 PM","Sat, Mar 17, 10:50 PM",163,Chicken Fried Rice x 1,Adyar adyar
Malabar House,2018,South Indian,,,Sat, 8:37 PM,"ORDER #1148358709 | Mon, Mar 5, 8:37 PM"," Mar 5, 8:37 PM","Mon, Mar 5, 8:57 PM",163,Chicken Fried Rice x 1,Adyar adyar
Malabar House,2018,South Indian,,,Fri, 2:25 PM,"ORDER #1147418237 | Sat, Mar 3, 2:25 PM"," Mar 3, 2:25 PM","Sat, Mar 3, 2:44 PM",264,"Butter Chicken x 1, Wheat Paratha x 2",Adyar adyar
Marry Brown,2017,Snacks,,,Sat, 9:15 PM,"ORDER #1084821557 | Fri, Mar 31, 9:15 PM"," Mar 31, 9:15 PM","Fri, Mar 31, 9:41 PM",255,"Chicken Hotouch Burger x 1, Chicken Tower Burger x 1",Besant Nagar adyar
Marry Brown,2017,Snacks,,,Sun, 6:06 PM,"ORDER #1077873804 | Sat, Jan 21, 6:06 PM"," Jan 21, 6:06 PM","Sat, Jan 21, 6:42 PM",314,"Chicken Hotouch Burger x 1, Chicken Tower Burger x 1",Besant Nagar adyar
Mash,2017,European,,,Sat, 8:09 PM,"ORDER #1103389035 | Sun, Aug 20, 8:09 PM"," Aug 20, 8:09 PM","Sun, Aug 20, 8:42 PM",320,Chicken Cordon Bleu x 1,Besant Nagar adyar
Mr.Hong's Chinese,2017,Chinese,,,Fri, 7:03 PM,"ORDER #1110845114 | Sat, Oct 7, 7:03 PM"," Oct 7, 7:03 PM","Sat, Oct 7, 7:41 PM",273,"Garlic Chicken x 1, Chicken Burnt Garlic Fried Rice (750 ml) x 1",Kottivakkam omr-perungudi
Mr.Hong's Chinese,2017,Chinese,,,Thu, 8:50 PM,"ORDER #1108415937 | Fri, Sep 22, 8:50 PM"," Sep 22, 8:50 PM","Fri, Sep 22, 10:49 PM",298,"Dragon Chicken x 1, Chicken Chilli Garlic Fried Rice (750 ml) x 1, Chicken Noodle Soup x 1",Kottivakkam omr-perungudi
Nikky's Kitchen,2017,Chinese,,,Sat, 2:01 PM,"ORDER #1093952506 | Thu, Jun 15, 2:01 PM"," Jun 15, 2:01 PM","Thu, Jun 15, 2:33 PM",556,"Dragon Chicken x 1, Nikky's Chicken Noodles x 1, Mini Falooda x 2",Adyar adyar
Nikky's Kitchen,2017,Chinese,,,Thu, 7:18 PM,"ORDER #1087304734 | Sat, Apr 22, 7:18 PM"," Apr 22, 7:18 PM","Sat, Apr 22, 7:47 PM",447,"Chicken Garlic Soup x 1, Dragon Chicken x 1, Chilli Garlic Noodles x 1",Adyar adyar
Nikky's Kitchen,2017,Chinese,,,Tue, 9:50 PM,"ORDER #1085497569 | Thu, Apr 6, 9:50 PM"," Apr 6, 9:50 PM","Thu, Apr 6, 10:15 PM",294,"Butter Naan x 2, Paneer Butter Masala x 1",Adyar adyar
Nikky's Kitchen,2017,Chinese,,,Wed, 8:04 PM,"ORDER #1084500900 | Tue, Mar 28, 8:04 PM"," Mar 28, 8:04 PM","Tue, Mar 28, 8:28 PM",256,"Chicken Fried Rice x 1, Sweet Lime Juice x 1, Masala Papad x 1",Adyar adyar
Nikky's Kitchen,2017,Chinese,,,Wed, 9:14 PM,"ORDER #1076977416 | Wed, Jan 11, 9:14 PM"," Jan 11, 9:14 PM","Wed, Jan 11, 9:46 PM",207,Dragon Chicken x 1,Adyar adyar
Nikky's Kitchen,2016,Chinese,,,Sat, 2:36 PM,"ORDER #1070724988 | Wed, Nov 2, 2:36 PM"," Nov 2, 2:36 PM","Wed, Nov 2, 3:08 PM",174,Nikky's Chicken Noodles x 1,Adyar adyar
Nikky's Kitchen,2016,Chinese,,,Mon, 9:04 PM,"ORDER #1069527653 | Sat, Oct 15, 9:04 PM"," Oct 15, 9:04 PM","Sat, Oct 15, 9:32 PM",382,"Nikky's Chicken Rice x 1, Dragon Chicken x 1",Adyar adyar
Nikky's Kitchen,2016,Chinese,,,Fri, 10:03 PM,"ORDER #1067226454 | Mon, Sep 12, 10:03 PM"," Sep 12, 10:03 PM","Mon, Sep 12, 10:23 PM",174,Nikky's Chicken Noodles x 1,Adyar adyar
Nikky's Kitchen,2016,Chinese,,,Wed, 8:30 PM,"ORDER #1065177577 | Fri, Aug 12, 8:30 PM"," Aug 12, 8:30 PM","Fri, Aug 12, 9:18 PM",153,Chicken Fried Rice x 1,Adyar adyar
Nikky's Kitchen,2016,Chinese,,,Sat, 8:31 PM,"ORDER #1065061333 | Wed, Aug 10, 8:31 PM"," Aug 10, 8:31 PM","Wed, Aug 10, 8:57 PM",153,Chicken Fried Rice x 1,Adyar adyar
Nikky's Kitchen,2016,Chinese,,,Sat, 9:29 PM,"ORDER #1064834210 | Sat, Aug 6, 9:29 PM"," Aug 6, 9:29 PM","Sat, Aug 6, 10:04 PM",207,"Vegetable Fried Rice x 1, Lemon Juice x 2",Adyar adyar
Nikky's Kitchen,2016,Chinese,,,Sat, 7:43 PM,"ORDER #1064816409 | Sat, Aug 6, 7:43 PM"," Aug 6, 7:43 PM","Sat, Aug 6, 8:14 PM",139,Chicken Fried Rice x 1,Adyar adyar
Nikky's Kitchen,2016,Chinese,,,Thu, 9:25 PM,"ORDER #1059284062 | Sat, May 21, 9:25 PM"," May 21, 9:25 PM","Sat, May 21, 9:51 PM",196,"Chicken Szechwan Noodles x 1, Coke x 1",Adyar adyar
Nikky's Kitchen,2016,Chinese,,,Thu, 9:13 PM,"ORDER #1058513230 | Thu, May 12, 9:13 PM"," May 12, 9:13 PM","Thu, May 12, 10:00 PM",205,"Butter Naan x 2, Paneer Tikka Masala x 1",Adyar adyar
Paradise Biryani,2017,Biryani,,,Fri, 1:18 PM,"ORDER #1127235226 | Thu, Dec 28, 1:18 PM"," Dec 28, 1:18 PM","Thu, Dec 28, 1:34 PM",543,"Veg Biryani Tray Meal x 2, Chicken Biryani Tray Meal x 1",Rajiv Ghadhi Salai omr-perungudi
Paradise Biryani,2017,Biryani,,,Sat, 9:16 PM,"ORDER #1099909347 | Fri, Jul 28, 9:16 PM"," Jul 28, 9:16 PM","Fri, Jul 28, 9:33 PM",276,"Chicken Biryani x 1, Raita x 3",Diagonally Opp. S2 Theyagaraja Cinemas adyar
Paradise Biryani,2017,Biryani,,,Sat, 2:14 PM,"ORDER #1095177843 | Sat, Jun 24, 2:14 PM"," Jun 24, 2:14 PM","Sat, Jun 24, 2:26 PM",234,Chicken Biryani x 1,Diagonally Opp. S2 Theyagaraja Cinemas adyar
Paradise Biryani,2017,Biryani,,,Sun, 1:54 PM,"ORDER #1093284653 | Sat, Jun 10, 1:54 PM"," Jun 10, 1:54 PM","Sat, Jun 10, 2:07 PM",234,Chicken Biryani x 1,Diagonally Opp. S2 Theyagaraja Cinemas adyar
Paradise Biryani,2017,Biryani,,,Sat, 1:07 PM,"ORDER #1088199561 | Sun, Apr 30, 1:07 PM"," Apr 30, 1:07 PM","Sun, Apr 30, 1:40 PM",234,Chicken Biryani x 1,Diagonally Opp. S2 Theyagaraja Cinemas adyar
Paradise Biryani,2017,Biryani,,,Sat, 8:37 PM,"ORDER #1088130575 | Sat, Apr 29, 8:37 PM"," Apr 29, 8:37 PM","Sat, Apr 29, 9:07 PM",818,"Egg Biryani x 1, Mutton Biryani x 1, Sprite x 1, Thumps Up x 1, Chicken Garlic Kebab x 1",Rajiv Ghadhi Salai omr-perungudi
Paradise Biryani,2017,Biryani,,,Thu, 1:27 PM,"ORDER #1086461612 | Sat, Apr 15, 1:27 PM"," Apr 15, 1:27 PM","Sat, Apr 15, 2:04 PM",238,Single Chicken Biryani x 1,JP nagar jp-nagar
Ponnusamy Hotel,2018,Biryani,,,Sat, 7:53 PM,"ORDER #1160760555 | Thu, Apr 5, 7:53 PM"," Apr 5, 7:53 PM","Thu, Apr 5, 8:25 PM",618,"Chicken Biryani x 2, Mutton Biryani x 1",Adyar adyar
Ponnusamy Hotel,2018,Biryani,,,Sun, 1:46 PM,"ORDER #1131237123 | Sat, Jan 13, 1:46 PM"," Jan 13, 1:46 PM","Sat, Jan 13, 2:04 PM",200,Chicken Biryani x 1,Adyar adyar
Ponnusamy Hotel,2017,Biryani,,,Sun, 2:43 PM,"ORDER #1117392826 | Sun, Nov 12, 2:43 PM"," Nov 12, 2:43 PM","Sun, Nov 12, 3:23 PM",259,Chicken Tikka Masala x 1,Adyar adyar
Ponnusamy Hotel,2017,Biryani,,,Sun, 1:42 PM,"ORDER #1114710733 | Sun, Oct 29, 1:42 PM"," Oct 29, 1:42 PM","Sun, Oct 29, 2:15 PM",254,Chicken Biryani x 1,Adyar adyar
Ponnusamy Hotel,2017,Biryani,,,Sun, 1:15 PM,"ORDER #1105372984 | Sun, Sep 3, 1:15 PM"," Sep 3, 1:15 PM","Sun, Sep 3, 1:50 PM",681,"Chicken Biryani x 1, Faluda x 3",Adyar adyar
Ponnusamy Hotel,2017,Biryani,,,Wed, 12:04 PM,"ORDER #1087379244 | Sun, Apr 23, 12:04 PM"," Apr 23, 12:04 PM","Sun, Apr 23, 12:25 PM",383,"Chicken 65 x 1, Chicken Biryani x 1",Adyar adyar
Ponnusamy Hotel,2017,Biryani,,,Thu, 8:48 PM,"ORDER #1086978746 | Wed, Apr 19, 8:48 PM"," Apr 19, 8:48 PM","Wed, Apr 19, 9:09 PM",224,Chicken Biryani x 1,Adyar adyar
Ponnusamy Hotel,2016,Biryani,,,Sat, 8:23 PM,"ORDER #1070388045 | Thu, Oct 27, 8:23 PM"," Oct 27, 8:23 PM","Thu, Oct 27, 9:04 PM",307,"Chicken Tikka Masala x 1, Chicken 65 x 1",Adyar adyar
Rain Forest,2018,Chinese,,,Thu, 7:38 PM,"ORDER #1150132055 | Sat, Mar 10, 7:38 PM"," Mar 10, 7:38 PM","Sat, Mar 10, 8:15 PM",389,"Dragon Chicken x 1, Chicken Schezwan Noodles x 1",Gandhi Nagar adyar
Rain Forest,2018,Chinese,,,Sat, 8:10 PM,"ORDER #1146766442 | Thu, Mar 1, 8:10 PM"," Mar 1, 8:10 PM","Thu, Mar 1, 8:38 PM",389,"Dragon Chicken x 1, Schezwan Chicken Fried Rice x 1",Gandhi Nagar adyar
Rain Forest,2018,Chinese,,,Can, 10:07 PM,"ORDER #1140154140 | Sat, Feb 10, 10:07 PM"," Feb 10, 10:07 PM","Sat, Feb 10, 10:36 PM",389,"Dragon Chicken x 1, Chicken Schezwan Noodles x 1",Gandhi Nagar adyar
Rain Forest,2018,Chinese,,,Sat, 8:31 PM,"ORDER #1137738092 | Sat, Feb 3, 8:31 PM"," Feb 3, 8:31 PM","Cancelled on Sat, Feb 3, 8:46 PM",389,"Dragon Chicken x 1, Chicken Hakka Noodles x 1",Gandhi Nagar adyar
Rain Forest,2018,Chinese,,,Wed, 8:27 PM,"ORDER #1137734791 | Sat, Feb 3, 8:27 PM"," Feb 3, 8:27 PM","Sat, Feb 3, 8:56 PM",389,"Dragon Chicken x 1, Chicken Hakka Noodles x 1",Gandhi Nagar adyar
Rain Forest,2018,Chinese,,,Thu, 9:13 PM,"ORDER #1132537417 | Wed, Jan 17, 9:13 PM"," Jan 17, 9:13 PM","Wed, Jan 17, 9:54 PM",221,Chicken Tikka Masala x 1,Gandhi Nagar adyar
Rain Forest,2018,Chinese,,,Thu, 9:43 PM,"ORDER #1130823145 | Thu, Jan 11, 9:43 PM"," Jan 11, 9:43 PM","Thu, Jan 11, 10:05 PM",168,Chicken Hakka Noodles x 1,Gandhi Nagar adyar
Rain Forest,2017,Chinese,,,Thu, 9:11 PM,"ORDER #1125765719 | Thu, Dec 21, 9:11 PM"," Dec 21, 9:11 PM","Thu, Dec 21, 9:54 PM",389,"Dragon Chicken x 1, Chicken Fried Rice x 1",Gandhi Nagar adyar
Rain Forest Takeaway,2017,Chinese,,,Thu, 8:06 PM,"ORDER #1076390358 | Thu, Jan 5, 8:06 PM"," Jan 5, 8:06 PM","Thu, Jan 5, 8:35 PM",160,Dragon Chicken x 1,Adyar adyar
Rain Forest Takeaway,2016,Chinese,,,Sat, 8:33 PM,"ORDER #1067365580 | Thu, Sep 15, 8:33 PM"," Sep 15, 8:33 PM","Thu, Sep 15, 9:05 PM",170,Chicken Tikka Masala x 1,Adyar adyar
Savoury Sea Shell,2017,Arabian,,,Wed, 8:31 PM,"ORDER #1088128665 | Sat, Apr 29, 8:31 PM"," Apr 29, 8:31 PM","Sat, Apr 29, 9:12 PM",660,"Afghani BBQ Chicken x 1, Chicken Shawarma (Kuboos) x 2, Mexican Shawarma (Kuboos) x 1",OMR Perungudi omr-perungudi
SHAWAARMA JOINT,2016,Arabian,,,Fri, 5:52 PM,"ORDER #1069303575 | Wed, Oct 12, 5:52 PM"," Oct 12, 5:52 PM","Wed, Oct 12, 6:31 PM",150,"Chicken Shawarma x 1, Cheese Chicken Shawarma x 1",Besant Nagar adyar
SHAWAARMA JOINT,2016,Arabian,,,Wed, 8:23 PM,"ORDER #1067004024 | Fri, Sep 9, 8:23 PM"," Sep 9, 8:23 PM","Fri, Sep 9, 8:57 PM",150,"Chicken Shawarma x 1, Cheese Chicken Shawarma x 1",Besant Nagar adyar
SHAWAARMA JOINT,2016,Arabian,,,Wed, 8:35 PM,"ORDER #1066429747 | Wed, Aug 31, 8:35 PM"," Aug 31, 8:35 PM","Wed, Aug 31, 9:07 PM",140,"Chicken Shawarma x 1, Cheese Chicken Shawarma x 1",Besant Nagar adyar
SHAWAARMA JOINT,2016,Arabian,,,Mon, 5:24 PM,"ORDER #1056635623 | Wed, Apr 20, 5:24 PM"," Apr 20, 5:24 PM","Wed, Apr 20, 6:03 PM",220,"Chicken Shawarma x 2, Mexican Shawarma x 1",Besant Nagar adyar
Sher-E-Punjab,2017,North Indian,,,Tue, 12:55 PM,"ORDER #1121886761 | Mon, Dec 4, 12:55 PM"," Dec 4, 12:55 PM","Mon, Dec 4, 1:35 PM",446,"Afghani Chicken x 1, Paneer Tikka x 1, Cucumber Raita x 1",Kandanchavadi omr-perungudi
Sree Gupta Bhavan,2018,North Indian,,,Fri, 12:38 PM,"ORDER #1134200484 | Tue, Jan 23, 12:38 PM"," Jan 23, 12:38 PM","Tue, Jan 23, 1:08 PM",336,Ghar ki Thali x 2,100 Feet Road velachery
Subway,2018,European,,,Fri, 1:52 PM,"ORDER #1155043178 | Fri, Mar 23, 1:52 PM"," Mar 23, 1:52 PM","Fri, Mar 23, 2:24 PM",220,"Roasted Chicken Sub 6"" (15 cm) x 1, Pepsi Bottle (600 ml) x 1",Kandanchavadi omr-perungudi
Subway,2016,European,,,Wed, 5:33 PM,"ORDER #1073266789 | Fri, Dec 2, 5:33 PM"," Dec 2, 5:33 PM","Fri, Dec 2, 6:00 PM",190,Roasted Chicken Sub (15 Cm / 6 Inch) x 1,Indiranagar adyar
Subway,2016,European,,,Mon, 4:32 PM,"ORDER #1073087781 | Wed, Nov 30, 4:32 PM"," Nov 30, 4:32 PM","Wed, Nov 30, 5:02 PM",190,Roasted Chicken Sub (15 Cm / 6 Inch) x 1,Indiranagar adyar
Superstar Pizza,2018,Pizza,,,Sun, 5:31 PM,"ORDER #1128354683 | Mon, Jan 1, 5:31 PM"," Jan 1, 5:31 PM","Mon, Jan 1, 6:17 PM",393,Monamona Pizza x 1,Adyar adyar
Superstar Pizza,2017,Pizza,,,Fri, 3:19 PM,"ORDER #1098240026 | Sun, Jul 16, 3:19 PM"," Jul 16, 3:19 PM","Sun, Jul 16, 3:45 PM",550,"Chicken Fingers x 1, Bloodstone Pizza x 1",Adyar adyar
Superstar Pizza,2017,Pizza,,,Thu, 7:40 PM,"ORDER #1097925761 | Fri, Jul 14, 7:40 PM"," Jul 14, 7:40 PM","Fri, Jul 14, 8:07 PM",550,"Bloodstone Pizza x 1, Chicken Fingers x 1",Adyar adyar
Superstar Pizza,2016,Pizza,,,Sun, 8:28 PM,"ORDER #1071317765 | Thu, Nov 10, 8:28 PM"," Nov 10, 8:28 PM","Thu, Nov 10, 9:05 PM",335,"9"" Mannan Pizza x 1",Adyar adyar
Swensens,2017,Dessert,,,Sun, 2:19 PM,"ORDER #1095352302 | Sun, Jun 25, 2:19 PM"," Jun 25, 2:19 PM","Sun, Jun 25, 2:51 PM",557,Oreo Brownie Sundae x 2,Besant Nagar adyar
The Cascade,2017,Chinese,,,Can, 1:12 PM,"ORDER #1124759406 | Sun, Dec 17, 1:12 PM"," Dec 17, 1:12 PM","Sun, Dec 17, 1:40 PM",819,"Chicken Chilli Garlic Noodles x 2, Chicken Hakka Noodles x 1",Adyar adyar
The Fruit Shop On Greams Road,2017,Dessert,,,Thu, 10:06 PM,"ORDER #1099304946 | Sun, Jul 23, 10:06 PM"," Jul 23, 10:06 PM","Cancelled on Sun, Jul 23, 10:11 PM",195,Falooda x 1,Besant Nagar adyar
The Red Box,2018,Chinese,,,Sat, 12:56 PM,"ORDER #1134744445 | Thu, Jan 25, 12:56 PM"," Jan 25, 12:56 PM","Thu, Jan 25, 1:37 PM",283,"Chicken Chilli Garlic Noodles & Kung Pao Chicken x 1, Spicy Fried Paneer x 1",Above oven fresh velachery
Tibbs Frankie,2018,Chaat,,,Wed, 6:39 PM,"ORDER #1152886709 | Sat, Mar 17, 6:39 PM"," Mar 17, 6:39 PM","Sat, Mar 17, 7:05 PM",168,Schezwan Chicken Frankie x 2,Besant Nagar adyar
Tibbs Frankie,2018,Chaat,,,Mon, 4:26 PM,"ORDER #1151642904 | Wed, Mar 14, 4:26 PM"," Mar 14, 4:26 PM","Wed, Mar 14, 4:44 PM",168,Schezwan Chicken Frankie x 2,Besant Nagar adyar
Tibbs Frankie,2018,Chaat,,,Fri, 6:11 PM,"ORDER #1138414107 | Mon, Feb 5, 6:11 PM"," Feb 5, 6:11 PM","Mon, Feb 5, 6:41 PM",0,"BBQ Chicken Frankie x 1, Schezwan Chicken Frankie x 1",Besant Nagar adyar
Tibbs Frankie,2017,Chaat,,,Sat, 6:42 PM,"ORDER #1100885555 | Fri, Aug 4, 6:42 PM"," Aug 4, 6:42 PM","Fri, Aug 4, 7:10 PM",209,"Schezwan Chicken Frankie x 2, Chicken Frankie x 1",Besant Nagar adyar
Tibbs Frankie,2017,Chaat,,,Wed, 7:36 PM,"ORDER #1099052061 | Sat, Jul 22, 7:36 PM"," Jul 22, 7:36 PM","Sat, Jul 22, 8:00 PM",198,"Barbecue Chicken x 1, Schezwan Chicken Frankie x 1",Besant Nagar adyar
Tibbs Frankie,2016,Chaat,,,Sat, 6:37 PM,"ORDER #1070309564 | Wed, Oct 26, 6:37 PM"," Oct 26, 6:37 PM","Wed, Oct 26, 6:56 PM",152,"Chicken Frankie x 2, Szechwan Chicken Frankie x 1",Besant Nagar adyar
Tibbs Frankie,2016,Chaat,,,Thu, 4:35 PM,"ORDER #1067473153 | Sat, Sep 17, 4:35 PM"," Sep 17, 4:35 PM","Sat, Sep 17, 5:05 PM",200,"Chicken Frankie x 1, Szechwan Chicken Frankie x 2",Besant Nagar adyar
Tibbs Frankie,2016,Chaat,,,Thu, 7:30 PM,"ORDER #1056158199 | Thu, Apr 14, 7:30 PM"," Apr 14, 7:30 PM","Thu, Apr 14, 8:14 PM",210,Szechwan Chicken Frankie x 3,Besant Nagar adyar
Tibbs Frankie,2016,Chaat,,,Thu, 7:02 PM,"ORDER #1055633923 | Thu, Apr 7, 7:02 PM"," Apr 7, 7:02 PM","Thu, Apr 7, 7:50 PM",190,"Chicken Keema Frankie x 1, Chicken Tikka Frankie x 1, Szechwan Chicken Frankie x 1",Santhome mylapore
Zaitoon,2018,North Indian,,,Wed, 9:39 PM,"ORDER #1164107651 | Thu, Apr 12, 9:39 PM"," Apr 12, 9:39 PM","Thu, Apr 12, 10:15 PM",242,Afghani Barbeque Chicken x 1,Adyar adyar
Zaitoon,2018,North Indian,,,Fri, 8:23 PM,"ORDER #1160391451 | Wed, Apr 4, 8:23 PM"," Apr 4, 8:23 PM","Wed, Apr 4, 8:48 PM",242,Chicken Alfaham Dajaj x 1,Adyar adyar
Zaitoon,2018,North Indian,,,Fri, 8:36 PM,"ORDER #1155213490 | Fri, Mar 23, 8:36 PM"," Mar 23, 8:36 PM","Fri, Mar 23, 8:53 PM",242,Chicken Alfaham Dajaj x 1,Adyar adyar
Zaitoon,2018,North Indian,,,Tue, 7:50 PM,"ORDER #1152466758 | Fri, Mar 16, 7:50 PM"," Mar 16, 7:50 PM","Fri, Mar 16, 8:26 PM",242,Afghani Barbeque Chicken x 1,Adyar adyar
Zaitoon,2018,North Indian,,,Mon, 9:33 PM,"ORDER #1146161596 | Tue, Feb 27, 9:33 PM"," Feb 27, 9:33 PM","Tue, Feb 27, 9:52 PM",242,Chicken Alfaham Dajaj x 1,Adyar adyar
Zaitoon,2018,North Indian,,,Thu, 7:42 PM,"ORDER #1143283458 | Mon, Feb 19, 7:42 PM"," Feb 19, 7:42 PM","Mon, Feb 19, 8:08 PM",242,Afghani Barbeque Chicken x 1,Adyar adyar
Zaitoon,2018,North Indian,,,Mon, 9:18 PM,"ORDER #1139379762 | Thu, Feb 8, 9:18 PM"," Feb 8, 9:18 PM","Thu, Feb 8, 9:45 PM",242,Chicken Alfaham Dajaj x 1,Adyar adyar
Zaitoon,2018,North Indian,,,Wed, 8:12 PM,"ORDER #1136207138 | Mon, Jan 29, 8:12 PM"," Jan 29, 8:12 PM","Mon, Jan 29, 8:44 PM",346,"Chicken Alfaham Dajaj x 1, Chicken Shawarma Roll x 1",Adyar adyar
Zaitoon,2018,North Indian,,,Sun, 7:46 PM,"ORDER #1134589369 | Wed, Jan 24, 7:46 PM"," Jan 24, 7:46 PM","Wed, Jan 24, 8:04 PM",242,Chicken Alfaham Dajaj x 1,Adyar adyar
Zaitoon,2018,North Indian,,,Fri, 7:29 PM,"ORDER #1133757448 | Sun, Jan 21, 7:29 PM"," Jan 21, 7:29 PM","Sun, Jan 21, 7:48 PM",242,Chicken Alfaham Dajaj x 1,Adyar adyar
Zaitoon,2018,North Indian,,,Wed, 6:48 PM,"ORDER #1132995881 | Fri, Jan 19, 6:48 PM"," Jan 19, 6:48 PM","Fri, Jan 19, 7:10 PM",242,Afghani Barbeque Chicken x 1,Adyar adyar
Zaitoon,2018,North Indian,,,Thu, 8:27 PM,"ORDER #1130524649 | Wed, Jan 10, 8:27 PM"," Jan 10, 8:27 PM","Wed, Jan 10, 8:54 PM",242,Afghani Barbeque Chicken x 1,Adyar adyar
Zaitoon,2018,North Indian,,,Thu, 9:08 PM,"ORDER #1129008933 | Thu, Jan 4, 9:08 PM"," Jan 4, 9:08 PM","Thu, Jan 4, 9:24 PM",267,Afghani Barbeque Chicken x 1,Adyar adyar
Zaitoon,2017,North Indian,,,Thu, 8:52 PM,"ORDER #1127346394 | Thu, Dec 28, 8:52 PM"," Dec 28, 8:52 PM","Thu, Dec 28, 9:11 PM",242,Afghani Barbeque Chicken x 1,Adyar adyar
Zaitoon,2017,North Indian,,,Sat, 7:31 PM,"ORDER #1124093360 | Thu, Dec 14, 7:31 PM"," Dec 14, 7:31 PM","Thu, Dec 14, 7:48 PM",242,Chicken Alfaham Dajaj x 1,Adyar adyar
Zaitoon,2017,North Indian,,,Wed, 5:09 PM,"ORDER #1122957858 | Sat, Dec 9, 5:09 PM"," Dec 9, 5:09 PM","Sat, Dec 9, 5:36 PM",187,Chicken Shawarma Roll x 2,Adyar adyar
Zaitoon,2017,North Indian,,,Wed, 4:18 PM,"ORDER #1122294044 | Wed, Dec 6, 4:18 PM"," Dec 6, 4:18 PM","Wed, Dec 6, 4:38 PM",143,Mini Falooda x 1,Adyar adyar
Zaitoon,2017,North Indian,,,, 4:04 PM,"ORDER #1122291205 | Wed, Dec 6, 4:04 PM"," Dec 6, 4:04 PM","Wed, Dec 6, 4:36 PM",272,Afghani Barbeque Chicken x 1,Adyar adyar