Restaurant Name,Cuisine,,,Day,Time,Order Details,OrderDate,DeliveryDate,OrderAmount,,
Agarwal Caterers,North Indian,,,Mon, 12:41 PM,"ORDER #1136082209 | Mon, Jan 29, 12:41 PM"," Jan 29, 12:41 PM","Mon, Jan 29, 1:00 PM",208,Roti Thali x 2,Teachers Colony adyar
Agarwal Caterers,North Indian,,,Mon, 12:31 PM,"ORDER #1080066349 | Mon, Feb 13, 12:31 PM"," Feb 13, 12:31 PM","Mon, Feb 13, 1:07 PM",250,"Veg Biryani Combo x 1, Roti Thali x 1, Jeera Aloo x 1",Teachers Colony adyar
Agarwal Caterers,North Indian,,,Fri, 12:16 PM,"ORDER #1079064573 | Fri, Feb 3, 12:16 PM"," Feb 3, 12:16 PM","Fri, Feb 3, 12:52 PM",125,Mini Thali x 1,Teachers Colony adyar
Agarwal Caterers,North Indian,,,Wed, 12:11 PM,"ORDER #1078892942 | Wed, Feb 1, 12:11 PM"," Feb 1, 12:11 PM","Wed, Feb 1, 12:44 PM",116,"Dal Tadka x 1, Roti x 2, Butter Roti x 1",Teachers Colony adyar
Agarwal Caterers,North Indian,,,Mon, 12:17 PM,"ORDER #1078729632 | Mon, Jan 30, 12:17 PM"," Jan 30, 12:17 PM","Mon, Jan 30, 12:57 PM",120,Roti Thali x 1,Teachers Colony adyar
Agarwal Caterers,North Indian,,,Wed, 12:23 PM,"ORDER #1077566031 | Wed, Jan 18, 12:23 PM"," Jan 18, 12:23 PM","Wed, Jan 18, 1:17 PM",185,"Veg Mixed Paratha Combo x 1, Dal Tadka x 1",Teachers Colony adyar
Agarwal Caterers,North Indian,,,Tue, 12:13 PM,"ORDER #1077484865 | Tue, Jan 17, 12:13 PM"," Jan 17, 12:13 PM","Tue, Jan 17, 12:48 PM",155,"Veg Mixed Paratha Combo x 1, Dal Tadka x 1",Teachers Colony adyar
Agarwal Caterers,North Indian,,,Fri, 12:19 PM,"ORDER #1075156970 | Fri, Dec 23, 12:19 PM"," Dec 23, 12:19 PM","Fri, Dec 23, 1:09 PM",380,"Paneer Butter Masala x 1, Dal Tadka x 1, Paneer Paratha x 2, Aloo Paratha Combo x 1, Veg Mixed Paratha Combo x 1",Teachers Colony adyar
Agarwal Caterers,North Indian,,,Wed, 12:34 PM,"ORDER #1073706897 | Wed, Dec 7, 12:34 PM"," Dec 7, 12:34 PM","Wed, Dec 7, 1:19 PM",155,"Paneer Paratha x 2, Dal Tadka x 1, Boondi Raita x 1",Teachers Colony adyar
Agarwal Caterers,North Indian,,,Tue, 12:07 PM,"ORDER #1070218400 | Tue, Oct 25, 12:07 PM"," Oct 25, 12:07 PM","Tue, Oct 25, 12:41 PM",120,Roti Thali x 1,Teachers Colony adyar
Agarwal Caterers,North Indian,,,Tue, 12:30 PM,"ORDER #1066807410 | Tue, Sep 6, 12:30 PM"," Sep 6, 12:30 PM","Tue, Sep 6, 1:26 PM",155,"Maharaja Thali x 1, Gulab Jamun x 1",Teachers Colony adyar
Agarwal Caterers,North Indian,,,Thu, 12:43 PM,"ORDER #1065536014 | Thu, Aug 18, 12:43 PM"," Aug 18, 12:43 PM","Thu, Aug 18, 1:20 PM",155,"Maharaja Thali x 1, Gulab Jamun x 1",Teachers Colony adyar
Agarwal Caterers,North Indian,,,Wed, 12:25 PM,"ORDER #1065027258 | Wed, Aug 10, 12:25 PM"," Aug 10, 12:25 PM","Wed, Aug 10, 1:18 PM",170,Maharaja Thali x 1,Teachers Colony adyar
Agarwal Caterers,North Indian,,,Mon, 12:57 PM,"ORDER #1064109404 | Mon, Jul 25, 12:57 PM"," Jul 25, 12:57 PM","Mon, Jul 25, 1:42 PM",375,"Veg Mixed Paratha Combo x 2, Paneer Pulao Combo x 1, Gulab Jamun x 3",Teachers Colony adyar
Agarwal Caterers,North Indian,,,Tue, 12:20 PM,"ORDER #1063757226 | Tue, Jul 19, 12:20 PM"," Jul 19, 12:20 PM","Tue, Jul 19, 1:17 PM",240,"Veg Biryani Combo x 1, Paneer Paratha Combo x 1",Teachers Colony adyar
Bayleaf OTG,North Indian,,,Fri, 3:25 PM,"ORDER #1119710240 | Fri, Nov 24, 3:25 PM"," Nov 24, 3:25 PM","Fri, Nov 24, 3:58 PM",450,"Lucknowi Chicken Biryani + Gravy of the day (Chicken) + Sweet - x 1, Lucknowi Veg Biryani + Gravy of the day + Sweet x 1",Besant Nagar adyar
Bharani Vegetarian Restaurant,South Indian,,,Mon, 4:02 PM,"ORDER #1166032717 | Mon, Apr 16, 4:02 PM"," Apr 16, 4:02 PM","Mon, Apr 16, 4:25 PM",200,"Chilli Parotta x 1, Special Tea x 2",Thiruvanmiyur adyar
Bharani Vegetarian Restaurant,South Indian,,,Sun, 1:35 PM,"ORDER #1165412321 | Sun, Apr 15, 1:35 PM"," Apr 15, 1:35 PM","Sun, Apr 15, 2:02 PM",142,Thanjavur Meals (12.00PM to 3.00PM) x 1,Thiruvanmiyur adyar
Bharani Vegetarian Restaurant,South Indian,,,Fri, 8:21 AM,"ORDER #1164197672 | Fri, Apr 13, 8:21 AM"," Apr 13, 8:21 AM","Fri, Apr 13, 8:47 AM",210,"Special Tea x 2, Mini Tiffin x 1",Thiruvanmiyur adyar
Bharani Vegetarian Restaurant,South Indian,,,Wed, 8:29 AM,"ORDER #1163354175 | Wed, Apr 11, 8:29 AM"," Apr 11, 8:29 AM","Wed, Apr 11, 8:52 AM",294,"Masala Tea x 2, Bengaluru Masala Dosai x 1, Idli x 1",Thiruvanmiyur adyar
Bharani Vegetarian Restaurant,South Indian,,,Sat, 10:54 PM,"ORDER #1158844734 | Sat, Mar 31, 10:54 PM"," Mar 31, 10:54 PM","Sat, Mar 31, 11:14 PM",183,"Ragi Dosai x 1, Cucumber Raita x 1",Thiruvanmiyur adyar
BurgerMan,Western,,,Sat, 10:25 PM,"ORDER #1155796969 | Sat, Mar 24, 10:25 PM"," Mar 24, 10:25 PM","Sat, Mar 24, 10:45 PM",320,Veggie Nachos x 2,Besant Nagar adyar
Cafe Coffee Day,Snacks,,,Mon, 4:28 PM,"ORDER #1131934621 | Mon, Jan 15, 4:28 PM"," Jan 15, 4:28 PM","Mon, Jan 15, 4:51 PM",317,"Chilli cheese Toastizza x 1, Garlic Bread x 1, Smoked Chicken Chipotle Sandwich x 1, Cold Cocoa Latte x 2",Adyar adyar
Cafe Coffee Day,Snacks,,,Fri, 4:58 PM,"ORDER #1119723671 | Fri, Nov 24, 4:58 PM"," Nov 24, 4:58 PM","Fri, Nov 24, 5:41 PM",347,"Filter Coffee Bulk x 1, Tropical Iceberg x 2, Cappuccino (King) x 2",OMR Perungudi omr-perungudi
Cafe Neato,Snacks,,,Can, 10:37 PM,"ORDER #1102650763 | Tue, Aug 15, 10:37 PM"," Aug 15, 10:37 PM","Cancelled on Tue, Aug 15, 10:56 PM",177,"Veg Sprouts & Pomegranate Salad x 1, Scrambled Egg x 1",Pallavakkam ECR-kottivakkam
Chaa,Snacks,,,Sun, 4:58 PM,"ORDER #1133700032 | Sun, Jan 21, 4:58 PM"," Jan 21, 4:58 PM","Sun, Jan 21, 5:30 PM",175,"Bhelpuri x 1, Dhokla x 1, Pani Poori (5 Pcs) x 1, Kachori (1 Pc) x 2",Kandanchavadi omr-perungudi
Chai Galli,North Indian,,,Mon, 11:28 AM,"ORDER #1148176531 | Mon, Mar 5, 11:28 AM"," Mar 5, 11:28 AM","Mon, Mar 5, 11:55 AM",189,Poha x 2,Elliot's Promenade adyar
Chai Galli,North Indian,,,Sun, 4:31 PM,"ORDER #1147903858 | Sun, Mar 4, 4:31 PM"," Mar 4, 4:31 PM","Sun, Mar 4, 4:51 PM",389,"Poha x 2, Chai Galli Special Vada Pav x 1, Cheese Vada Pav x 1",Elliot's Promenade adyar
Chai Galli,North Indian,,,Tue, 2:23 PM,"ORDER #1138641679 | Tue, Feb 6, 2:23 PM"," Feb 6, 2:23 PM","Tue, Feb 6, 2:56 PM",441,"Poha x 2, Aloo Paratha x 1, Tadke Waali Maggi x 1",Elliot's Promenade adyar
Chai Galli,North Indian,,,Mon, 6:09 PM,"ORDER #1128361799 | Mon, Jan 1, 6:09 PM"," Jan 1, 6:09 PM","Mon, Jan 1, 7:00 PM",315,"Aloo Paratha x 1, Poha x 1, Kala Chana Chaat x 1",Elliot's Promenade adyar
Chai Galli,Chaat,,,Sun, 4:38 PM,"ORDER #1121711657 | Sun, Dec 3, 4:38 PM"," Dec 3, 4:38 PM","Sun, Dec 3, 5:13 PM",431,"Kala Chana Chaat x 1, Masala Chai (Pot for Four) x 1, 8"" Veggies on A Khakra x 1",Elliot's Promenade adyar
Chai Galli,North Indian,,,Wed, 11:23 AM,"ORDER #1119281058 | Wed, Nov 22, 11:23 AM"," Nov 22, 11:23 AM","Wed, Nov 22, 12:02 PM",567,"Aloo Paratha x 2, Cheese Vada Pav x 1, Adrak Chai (Pot For Four) x 1, Kala Chana Chaat x 1",Elliot's Promenade adyar
Chai Galli,Chaat,,,Thu, 11:47 AM,"ORDER #1118061245 | Thu, Nov 16, 11:47 AM"," Nov 16, 11:47 AM","Thu, Nov 16, 12:26 PM",546,"Cheese Vada Pav x 2, Poha x 2, Classic Pancake x 1, Hare Bhare Pakode x 1",Elliot's Promenade adyar
Chai Galli,North Indian,,,Mon, 1:05 PM,"ORDER #1117581626 | Mon, Nov 13, 1:05 PM"," Nov 13, 1:05 PM","Mon, Nov 13, 2:05 PM",527,"Poha x 2, Adrak Chai (Pot For Four) x 1, Cheesy Garlic Bread x 1",Elliot's Promenade adyar
Chai Galli,North Indian,,,Sat, 12:33 PM,"ORDER #1117102169 | Sat, Nov 11, 12:33 PM"," Nov 11, 12:33 PM","Sat, Nov 11, 12:57 PM",295,"Adrak Chai (Pot For Four) x 1, Poha x 1",Elliot's Promenade adyar
Chai Galli,North Indian,,,Sun, 12:11 PM,"ORDER #1116000463 | Sun, Nov 5, 12:11 PM"," Nov 5, 12:11 PM","Sun, Nov 5, 12:51 PM",673,"Poha x 1, Tadke Waali Maggi x 1, Plain Vada Pav x 1, Cheese Vada Pav x 1, Aloo Paratha x 2",Elliot's Promenade adyar
Copper Chimney,North Indian,,,Tue, 10:22 PM,"ORDER #1126976745 | Tue, Dec 26, 10:22 PM"," Dec 26, 10:22 PM","Tue, Dec 26, 10:49 PM",494,"Lehsuni Naan x 1, Kadai Paneer x 1, Stuffed Tandoori Kulcha x 1",Taramani omr-perungudi
Copper Chimney,North Indian,,,Mon, 9:42 PM,"ORDER #1119070159 | Mon, Nov 20, 9:42 PM"," Nov 20, 9:42 PM","Mon, Nov 20, 10:16 PM",1203,"Vegetable Keema x 1, Lehsuni Naan x 3, Dum Subji Biryani x 1, Dal Maharaja x 1, Stuffed Tandoori Paratha x 1",Taramani omr-perungudi
Copper Chimney,North Indian,,,Sun, 10:33 PM,"ORDER #1090020569 | Sun, May 14, 10:33 PM"," May 14, 10:33 PM","Sun, May 14, 11:06 PM",490,"Naan x 3, Palak Paneer x 1",Taramani omr-perungudi
Copper Chimney,North Indian,,,Sun, 10:40 PM,"ORDER #1088306319 | Sun, Apr 30, 10:40 PM"," Apr 30, 10:40 PM","Sun, Apr 30, 11:14 PM",663,"Tandoori Roti x 3, Vegetable Keema x 1, Dal Maharaja x 1",Taramani omr-perungudi
Cozee - Box Out,North Indian,,,Wed, 10:27 PM,"ORDER #1120900476 | Wed, Nov 29, 10:27 PM"," Nov 29, 10:27 PM","Wed, Nov 29, 11:11 PM",376,"Palak Paneer Gravy x 1, Garlic Naan x 2, Mixed Raita x 1",Thiruvanmiyur adyar
Cozee - Box Out,Diet,,,Sat, 12:09 AM,"ORDER #1111957433 | Sat, Oct 14, 12:09 AM"," Oct 14, 12:09 AM","Sat, Oct 14, 12:26 AM",208,Paneer Chilli Dry x 1,Thiruvanmiyur adyar
Cozee - Box Out,Diet,,,Tue, 11:37 PM,"ORDER #1111298039 | Mon, Oct 9, 11:37 PM"," Oct 9, 11:37 PM","Tue, Oct 10, 12:14 AM",208,Paneer Chilli Dry x 1,Thiruvanmiyur adyar
Cozee - Box Out,Diet,,,Sat, 11:23 PM,"ORDER #1110933380 | Sat, Oct 7, 11:23 PM"," Oct 7, 11:23 PM","Sat, Oct 7, 11:59 PM",208,Paneer Chilli Dry x 1,Thiruvanmiyur adyar
Cozee - Box Out,Diet,,,Fri, 10:31 PM,"ORDER #1110715440 | Fri, Oct 6, 10:31 PM"," Oct 6, 10:31 PM","Fri, Oct 6, 11:11 PM",208,Paneer Chilli Dry x 1,Thiruvanmiyur adyar
Cozee - Box Out,North Indian,,,Wed, 11:41 PM,"ORDER #1105775944 | Tue, Sep 5, 11:41 PM"," Sep 5, 11:41 PM","Wed, Sep 6, 12:06 AM",277,"Garlic Naan x 1, Kadai Paneer Gravy x 1",Thiruvanmiyur adyar
Cozee - Box Out,North Indian,,,Sat, 12:43 AM,"ORDER #1103053182 | Sat, Aug 19, 12:43 AM"," Aug 19, 12:43 AM","Sat, Aug 19, 1:35 AM",606,"Paneer Butter Masala Gravy x 1, Chana Pepper Fry Gravy x 1, Garlic Naan x 3",Thiruvanmiyur adyar
Cozee - Box Out,Diet,,,Thu, 11:03 PM,"ORDER #1101849572 | Thu, Aug 10, 11:03 PM"," Aug 10, 11:03 PM","Thu, Aug 10, 11:38 PM",299,"Paneer Chilli Dry x 1, Cucumber Raita x 1",Thiruvanmiyur adyar
Cozee - Box Out,Diet,,,Wed, 10:42 PM,"ORDER #1101718534 | Wed, Aug 9, 10:42 PM"," Aug 9, 10:42 PM","Wed, Aug 9, 11:27 PM",257,"Paneer Tikka x 1, Cucumber Raita x 1",Thiruvanmiyur adyar
Cozee - Box Out,Diet,,,Fri, 10:56 PM,"ORDER #1100952165 | Fri, Aug 4, 10:56 PM"," Aug 4, 10:56 PM","Fri, Aug 4, 11:16 PM",269,"Paneer Chilli Dry x 1, Cucumber Raita x 1",Thiruvanmiyur adyar
Cozee - Box Out,Diet,,,Thu, 11:04 PM,"ORDER #1100813400 | Thu, Aug 3, 11:04 PM"," Aug 3, 11:04 PM","Thu, Aug 3, 11:34 PM",287,"Paneer Tikka x 1, Cucumber Raita x 1",Thiruvanmiyur adyar
Cozee - Box Out,Diet,,,Mon, 12:44 AM,"ORDER #1100313005 | Mon, Jul 31, 12:44 AM"," Jul 31, 12:44 AM","Mon, Jul 31, 1:18 AM",277,"Paneer Manchurian x 1, Mineral Water Bottle (1 Litre) x 2",Thiruvanmiyur adyar
Cream Stone,Dessert,,,Sun, 11:12 PM,"ORDER #1138264458 | Sun, Feb 4, 11:12 PM"," Feb 4, 11:12 PM","Sun, Feb 4, 11:22 PM",298,Fruit Exotica x 2,ECR Neelangarai ECR-kottivakkam
Cream stone,Dessert,,,Sun, 11:48 PM,"ORDER #1137842607 | Sat, Feb 3, 11:48 PM"," Feb 3, 11:48 PM","Sun, Feb 4, 12:01 AM",304,"Fruit Exotica x 1, Willy Wonka x 1",Kasthuribai Nagar adyar
Cream Stone,Dessert,,,Mon, 11:13 PM,"ORDER #1132073287 | Mon, Jan 15, 11:13 PM"," Jan 15, 11:13 PM","Mon, Jan 15, 11:28 PM",298,Fruit Exotica x 2,ECR Neelangarai ECR-kottivakkam
Cream stone,Dessert,,,Sun, 12:40 AM,"ORDER #1123103391 | Sun, Dec 10, 12:40 AM"," Dec 10, 12:40 AM","Sun, Dec 10, 12:57 AM",652,"Fruit Exotica x 1, Willy Wonka x 1, Ferrero Rocher x 1",Kasthuribai Nagar adyar
Curry Home Hurry,Snacks,,,Fri, 5:40 PM,"ORDER #1164394523 | Fri, Apr 13, 5:40 PM"," Apr 13, 5:40 PM","Fri, Apr 13, 5:59 PM",100,"Masala Tea x 3, Keerai Vadai (2 Pcs) x 1",Besant Nagar adyar
Dal Roti Express,Diet,,,Tue, 10:22 PM,"ORDER #1100549084 | Tue, Aug 1, 10:22 PM"," Aug 1, 10:22 PM","Tue, Aug 1, 10:52 PM",200,"Boiled Egg (2 Pcs) x 1, Egg Bhurji x 1, Bhindi Bhurji x 1",LB Road adyar
Dal Roti Express,Diet,,,Thu, 1:16 PM,"ORDER #1099698768 | Thu, Jul 27, 1:16 PM"," Jul 27, 1:16 PM","Thu, Jul 27, 1:42 PM",165,"Kadai Paneer x 1, Egg Bhurji x 1",LB Road adyar
Doctor's Bubble Tea,Dessert,,,Mon, 5:00 PM,"ORDER #1148282084 | Mon, Mar 5, 5:00 PM"," Mar 5, 5:00 PM","Mon, Mar 5, 5:17 PM",120,Passion Fruit Freeze Milkshake x 1,Besant Nagar adyar
Domino's Pizza,Pizza,,,Thu, 10:06 PM,"ORDER #1160868700 | Thu, Apr 5, 10:06 PM"," Apr 5, 10:06 PM","Thu, Apr 5, 11:36 PM",529,"Cheese Jalapeno Dip x 1, Garlic Breadsticks x 1, Mexican Green Wave x 1",Thiruvanmiyur adyar
Faasos,North Indian,,,Fri, 1:19 PM,"ORDER #1146957848 | Fri, Mar 2, 1:19 PM"," Mar 2, 1:19 PM","Fri, Mar 2, 2:20 PM",295,"Smoked Butter Chicken Kulcha Combo x 1, Peri Peri Paneer Steak x 1","Sangam Colony,East Coast Road ECR-kottivakkam"
Faasos,North Indian,,,Wed, 1:02 PM,"ORDER #1134480809 | Wed, Jan 24, 1:02 PM"," Jan 24, 1:02 PM","Wed, Jan 24, 1:35 PM",283,"Chole Pav Slider x 1, Reshmi Chicken Kebab Rice Feast x 1, Peri Peri Paneer Steak x 1","Sangam Colony,East Coast Road ECR-kottivakkam"
Faasos,North Indian,,,Tue, 11:33 PM,"ORDER #1134417393 | Tue, Jan 23, 11:33 PM"," Jan 23, 11:33 PM","Tue, Jan 23, 11:58 PM",321,"Chole Kulcha Meal x 3, Gulab Jamun x 1, Paneer Tikka Pav Slider x 1",Besant Nagar adyar
Faasos,North Indian,,,Fri, 4:04 PM,"ORDER #1129133520 | Fri, Jan 5, 4:04 PM"," Jan 5, 4:04 PM","Fri, Jan 5, 4:38 PM",306,"Dal Makhani Kulcha Combo x 1, Chai for 4 x 1, Chole Pav Slider x 2, Chaas & Choco Fantasy x 1",Besant Nagar adyar
Faasos,North Indian,,,Tue, 3:34 PM,"ORDER #1128558753 | Tue, Jan 2, 3:34 PM"," Jan 2, 3:34 PM","Tue, Jan 2, 4:00 PM",300,"Dal Makhani Kulcha Combo x 2, Chai for 4 x 1, Chole Pav Slider x 1",Besant Nagar adyar
Faasos,North Indian,,,Sat, 11:15 AM,"ORDER #1126064224 | Sat, Dec 23, 11:15 AM"," Dec 23, 11:15 AM","Sat, Dec 23, 11:48 AM",300,"Dal Makhani Kulcha Combo x 2, Chai for 4 x 1, Chole Pav Slider x 1",Besant Nagar adyar
Faasos,North Indian,,,Sun, 4:35 PM,"ORDER #1124826594 | Sun, Dec 17, 4:35 PM"," Dec 17, 4:35 PM","Sun, Dec 17, 5:03 PM",290,"Dal Makhani Kulcha Combo x 2, Chai for 4 x 1, Chole Pav Slider x 1",Besant Nagar adyar
Faasos,North Indian,,,Wed, 2:24 PM,"ORDER #1123829056 | Wed, Dec 13, 2:24 PM"," Dec 13, 2:24 PM","Wed, Dec 13, 2:47 PM",154,Dal Makhani Kulcha Combo x 1,Besant Nagar adyar
Faasos,North Indian,,,Sun, 3:14 PM,"ORDER #1123221693 | Sun, Dec 10, 3:14 PM"," Dec 10, 3:14 PM","Sun, Dec 10, 3:42 PM",450,"Dal Makhani Kulcha Combo x 1, Chole Signature Rice Feast x 1, Chai for 4 with Falafel x 1, Chole Pav Slider x 1",Besant Nagar adyar
Faasos,North Indian,,,Sun, 11:34 AM,"ORDER #1123133909 | Sun, Dec 10, 11:34 AM"," Dec 10, 11:34 AM","Sun, Dec 10, 12:02 PM",430,"Dal Makhani Kulcha Combo x 2, Chai for 4 x 1, Chole Pav Slider x 2",Besant Nagar adyar
Faasos,Snacks,,,Sat, 3:42 PM,"ORDER #1122940804 | Sat, Dec 9, 3:42 PM"," Dec 9, 3:42 PM","Sat, Dec 9, 4:17 PM",267,"Chai for 8 x 1, Kesar Muesli x 1, Gulab Jamun x 1",Besant Nagar adyar
Faasos,North Indian,,,Mon, 2:02 PM,"ORDER #1118971648 | Mon, Nov 20, 2:02 PM"," Nov 20, 2:02 PM","Mon, Nov 20, 2:21 PM",0,"Dal Makhani Kulcha Combo x 1, Chai for 8 x 1",Besant Nagar adyar
Faasos,North Indian,,,Can, 1:04 PM,"ORDER #1118957660 | Mon, Nov 20, 1:04 PM"," Nov 20, 1:04 PM","Cancelled on Mon, Nov 20, 1:55 PM",323,"Dal Makhani Kulcha Combo x 1, Chai for 8 x 1",Besant Nagar adyar
Faasos,North Indian,,,Fri, 11:34 PM,"ORDER #1113050158 | Thu, Oct 19, 11:34 PM"," Oct 19, 11:34 PM","Fri, Oct 20, 12:11 AM",330,"Dal Makhani Kulcha Combo x 1, Chole Signature Rice Feast x 1",Besant Nagar adyar
Faasos,North Indian,,,Mon, 10:29 PM,"ORDER #1106717863 | Mon, Sep 11, 10:29 PM"," Sep 11, 10:29 PM","Mon, Sep 11, 10:56 PM",292,"Dal Rice with Omelette x 1, Cheese Melt Paneer Wrap x 1",Besant Nagar adyar
Food Corner,Snacks,,,Sun, 10:17 AM,"ORDER #1165289384 | Sun, Apr 15, 10:17 AM"," Apr 15, 10:17 AM","Sun, Apr 15, 10:50 AM",120,Ginger Tea x 4,Near RTO ECR-kottivakkam
Food Out,North Indian,,,Mon, 11:36 PM,"ORDER #1162933212 | Mon, Apr 9, 11:36 PM"," Apr 9, 11:36 PM","Mon, Apr 9, 11:56 PM",140,Kadai Paneer Masala x 1,Thiruvanmiyur adyar
Food Out,North Indian,,,Mon, 10:59 PM,"ORDER #1096528231 | Mon, Jul 3, 10:59 PM"," Jul 3, 10:59 PM","Mon, Jul 3, 11:23 PM",157,Paneer Pepper Fry x 1,Thiruvanmiyur adyar
Gangotree,Chaat,,,Sun, 3:33 PM,"ORDER #1105409737 | Sun, Sep 3, 3:33 PM"," Sep 3, 3:33 PM","Sun, Sep 3, 4:02 PM",438,"Masala Puri x 1, Dahi Papri Chaat x 1, Cheese Pav Bhaji x 1, Pani Puri x 1, Raj Kachori x 1",Gandhi Nagar adyar
Gangotree,Chaat,,,Wed, 12:58 PM,"ORDER #1076270628 | Wed, Jan 4, 12:58 PM"," Jan 4, 12:58 PM","Wed, Jan 4, 2:01 PM",244,"Masala Paneer Wrap x 2, Vada Pav x 1",Gandhi Nagar adyar
Great Wall,Chinese,,,Mon, 1:19 PM,"ORDER #1099340410 | Mon, Jul 24, 1:19 PM"," Jul 24, 1:19 PM","Mon, Jul 24, 1:49 PM",325,"Veg Manchow Soup x 1, Dragon Paneer x 1",Besant Nagar adyar
Hello Cravings! by Cafe Coffee Day,Snacks,,,Fri, 5:19 PM,"ORDER #1100876632 | Fri, Aug 4, 5:19 PM"," Aug 4, 5:19 PM","Fri, Aug 4, 5:55 PM",160,Cappuccino (350 ml) x 1,OMR Perungudi ECR-kottivakkam
Home Meals,North Indian,,,Mon, 2:20 PM,"ORDER #1126632139 | Mon, Dec 25, 2:20 PM"," Dec 25, 2:20 PM","Mon, Dec 25, 2:38 PM",322,Chole Bhatoore (2 Pcs) x 2,LB Road adyar
Hot Chips,South Indian,,,Mon, 4:51 PM,"ORDER #1162734237 | Mon, Apr 9, 4:51 PM"," Apr 9, 4:51 PM","Mon, Apr 9, 5:20 PM",102,Chilli Parotta x 1,Thiruvanmiyur adyar
Hotel Saravana Bhavan,South Indian,,,Fri, 11:10 PM,"ORDER #1158353006 | Fri, Mar 30, 11:10 PM"," Mar 30, 11:10 PM","Fri, Mar 30, 11:37 PM",157,"Onion Rava Dosai x 1, Hot Idli (3) x 1",Perungudi omr-perungudi
Hotel Saravana Bhavan,South Indian,,,Sun, 2:57 PM,"ORDER #1156047079 | Sun, Mar 25, 2:57 PM"," Mar 25, 2:57 PM","Sun, Mar 25, 3:40 PM",195,Special Limited Meals x 1,Perungudi omr-perungudi
Hotel Saravana Bhavan,South Indian,,,Mon, 2:06 PM,"ORDER #1153682156 | Mon, Mar 19, 2:06 PM"," Mar 19, 2:06 PM","Mon, Mar 19, 2:29 PM",155,Special Limited Meals x 1,Perungudi omr-perungudi
Hotel Saravana Bhavan,South Indian,,,Sun, 12:36 PM,"ORDER #1153199106 | Sun, Mar 18, 12:36 PM"," Mar 18, 12:36 PM","Sun, Mar 18, 1:07 PM",167,"Mulligatawny + Starter of the Day x 1, Limited Meals x 1",Perungudi omr-perungudi
Hotel Saravana Bhavan,South Indian,,,Sun, 10:52 PM,"ORDER #1078719565 | Sun, Jan 29, 10:52 PM"," Jan 29, 10:52 PM","Sun, Jan 29, 11:24 PM",302,"Ghee Roast Dosai (Large) x 1, Ghee Roast Masala Dosai (Large) x 1",Perungudi omr-perungudi
Hotel Saravana Bhavan,South Indian,,,Wed, 12:48 PM,"ORDER #1076920923 | Wed, Jan 11, 12:48 PM"," Jan 11, 12:48 PM","Wed, Jan 11, 1:57 PM",187,"Kaima Idli with Raita x 1, Idiyappam (3) x 1",Mylapore mylapore
ID,South Indian,,,Wed, 9:15 PM,"ORDER #1068822660 | Wed, Oct 5, 9:15 PM"," Oct 5, 9:15 PM","Wed, Oct 5, 9:49 PM",159,Spicy Paneer Dosa x 1,Sathyam Cinemas Complex royapettah
Jonah's Bistro,European,,,Tue, 11:06 PM,"ORDER #1102653730 | Tue, Aug 15, 11:06 PM"," Aug 15, 11:06 PM","Tue, Aug 15, 11:24 PM",277,Three Egg Omelette x 1,Besant Nagar adyar
Kalo's,Pizza,,,Sat, 12:08 AM,"ORDER #1131143289 | Sat, Jan 13, 12:08 AM"," Jan 13, 12:08 AM","Sat, Jan 13, 12:38 AM",259,"Creamy Mushroom & Cheese Fries x 1, Cheesy Garlic Bread x 1",Besant Nagar adyar
Krishnavillasam - The Home Of Classics,South Indian,,,Wed, 9:38 PM,"ORDER #1163686114 | Wed, Apr 11, 9:38 PM"," Apr 11, 9:38 PM","Wed, Apr 11, 10:03 PM",179,Vatha Kozhambu x 1,Kasturibai Nagar adyar
Krishnavillasam - The Home Of Classics,South Indian,,,Tue, 9:36 PM,"ORDER #1163267802 | Tue, Apr 10, 9:36 PM"," Apr 10, 9:36 PM","Tue, Apr 10, 10:04 PM",296,"Vatha Kozhambu x 1, Steamed Rice x 1",Kasturibai Nagar adyar
Kulfi House,Dessert,,,Mon, 10:42 PM,"ORDER #1122022735 | Mon, Dec 4, 10:42 PM"," Dec 4, 10:42 PM","Mon, Dec 4, 11:01 PM",150,Malai Badam Kulfi x 1,Adyar adyar
Kulfi House,Dessert,,,Mon, 11:46 PM,"ORDER #1106596526 | Sun, Sep 10, 11:46 PM"," Sep 10, 11:46 PM","Mon, Sep 11, 12:05 AM",320,"Malai Badam Kulfi (Sugar Free) x 1, Gulkand Kulfi x 1, Kesar Pista Kulfi x 1",Adyar adyar
Kulfi Treat,Dessert,,,Tue, 11:04 PM,"ORDER #1138822788 | Tue, Feb 6, 11:04 PM"," Feb 6, 11:04 PM","Tue, Feb 6, 11:15 PM",226,"Raspberry Kulfi Stick x 1, Blueberry Kulfi Stick x 1, Malai Kulfi Stick x 2",Thiruvanmiyur adyar
Kulfi Treat,Dessert,,,Tue, 11:33 PM,"ORDER #1136557635 | Tue, Jan 30, 11:33 PM"," Jan 30, 11:33 PM","Tue, Jan 30, 11:53 PM",128,Sugar Free Malai Kulfi Stick x 2,Thiruvanmiyur adyar
Kulfi Treat,Dessert,,,Thu, 12:05 AM,"ORDER #1134696254 | Thu, Jan 25, 12:05 AM"," Jan 25, 12:05 AM","Thu, Jan 25, 12:26 AM",244,"Raspberry Kulfi Stick x 1, Strawberry & Lychee Kulfi Stick x 1, Rajbhog Kulfi Stick x 1, Kaju Pista Kulfi Stick x 1",Thiruvanmiyur adyar
Kulfi Treat,Dessert,,,Mon, 11:32 PM,"ORDER #1134148881 | Mon, Jan 22, 11:32 PM"," Jan 22, 11:32 PM","Mon, Jan 22, 11:43 PM",128,"Raspberry Kulfi Stick x 1, Kesar Pista Kulfi Stick x 1",Thiruvanmiyur adyar
Kulfi Treat,Dessert,,,Can, 11:37 PM,"ORDER #1109279291 | Wed, Sep 27, 11:37 PM"," Sep 27, 11:37 PM","Cancelled on Wed, Sep 27, 11:56 PM",150,"Badam Pista Kulfi Slice x 1, Blackcurrant Kulfi Slice x 1",Thiruvanmiyur adyar
Kulfi Treat,Dessert,,,Sun, 5:18 PM,"ORDER #1107619062 | Sun, Sep 17, 5:18 PM"," Sep 17, 5:18 PM","Sun, Sep 17, 5:34 PM",220,"Malai Kulfi Slice x 1, Rose Gulkand Kulfi Slice x 1, Assorted Slice Kulfi x 1",Thiruvanmiyur adyar
Landra,Diet,,,Wed, 1:14 PM,"ORDER #1102681076 | Wed, Aug 16, 1:14 PM"," Aug 16, 1:14 PM","Wed, Aug 16, 1:33 PM",210,"Egg white Omelette x 2, Scrambled Egg x 1",Opp Thanthi TV enterance omr-perungudi
Landra,Diet,,,Mon, 1:05 PM,"ORDER #1102386143 | Mon, Aug 14, 1:05 PM"," Aug 14, 1:05 PM","Mon, Aug 14, 1:25 PM",110,"Scrambled Egg x 1, Egg Masala Omelette x 1",Opp Thanthi TV enterance omr-perungudi
Little Italy,Pizza,,,Fri, 10:36 PM,"ORDER #1152598860 | Fri, Mar 16, 10:36 PM"," Mar 16, 10:36 PM","Fri, Mar 16, 11:00 PM",299,Nachos with Cheese Sauce x 1,Palavakkam ECR-kottivakkam
Madras Coffee House,Snacks,,,Mon, 6:24 PM,"ORDER #1140787057 | Mon, Feb 12, 6:24 PM"," Feb 12, 6:24 PM","Mon, Feb 12, 6:58 PM",168,5 Cups of Coffee With Flask x 1,Kandanchavady omr-perungudi
Madras Coffee House,Snacks,,,Sun, 12:11 PM,"ORDER #1140268671 | Sun, Feb 11, 12:11 PM"," Feb 11, 12:11 PM","Sun, Feb 11, 12:29 PM",120,Coffee x 4,Kandanchavady omr-perungudi
Madras Coffee House,Snacks,,,Sun, 11:39 AM,"ORDER #1121612626 | Sun, Dec 3, 11:39 AM"," Dec 3, 11:39 AM","Sun, Dec 3, 11:58 AM",218,5 Cups of Coffee With Flask x 1,Kandanchavady omr-perungudi
Mash,European,,,Sat, 3:34 PM,"ORDER #1097090011 | Sat, Jul 8, 3:34 PM"," Jul 8, 3:34 PM","Sat, Jul 8, 4:03 PM",232,Stuffed Mushroom x 1,Besant Nagar adyar
Mini Melts (Islands),Snacks,,,Fri, 12:29 PM,"ORDER #1064310730 | Fri, Jul 29, 12:29 PM"," Jul 29, 12:29 PM","Fri, Jul 29, 1:43 PM",175,"Corn Sandwich x 1, Paneer Sandwich x 1",Besant Nagar adyar
Moonlight Takeaway,North Indian,,,Sun, 12:57 AM,"ORDER #1086562385 | Sun, Apr 16, 12:57 AM"," Apr 16, 12:57 AM","Sun, Apr 16, 1:26 AM",486,"Paneer Mirchi Masala x 1, Dal Tadka x 1, Phulka (2 Pcs) x 2, Pudina Stuffed Naan x 1",Kandanchavadi omr-perungudi
Murugan Idli Shop,South Indian,,,Tue, 3:39 PM,"ORDER #1159905828 | Tue, Apr 3, 3:39 PM"," Apr 3, 3:39 PM","Tue, Apr 3, 4:07 PM",266,"Ghee Onion Rava Dosai x 2, Sweet Pongal x 1",Besant Nagar adyar
Murugan Idli Shop,South Indian,,,Tue, 9:15 AM,"ORDER #1153925609 | Tue, Mar 20, 9:15 AM"," Mar 20, 9:15 AM","Tue, Mar 20, 9:42 AM",180,"Ghee Podi Idli x 4, Sweet Pongal x 1",Besant Nagar adyar
Murugan Idli Shop,South Indian,,,Wed, 9:35 PM,"ORDER #1146492966 | Wed, Feb 28, 9:35 PM"," Feb 28, 9:35 PM","Wed, Feb 28, 10:10 PM",235,"Ghee Podi Idli x 2, Ghee Podi Onion Uttapam x 1, Sweet Pongal x 1",Besant Nagar adyar
Murugan Idli Shop,South Indian,,,Wed, 11:05 AM,"ORDER #1138866209 | Wed, Feb 7, 11:05 AM"," Feb 7, 11:05 AM","Wed, Feb 7, 11:22 AM",226,"Ghee Podi Idli x 4, Ghee Onion Rava Dosai x 1",Besant Nagar adyar
Murugan Idli Shop,South Indian,,,Thu, 11:14 AM,"ORDER #1136893515 | Thu, Feb 1, 11:14 AM"," Feb 1, 11:14 AM","Thu, Feb 1, 12:12 PM",352,"Ghee Podi Idli x 4, Ghee Onion Rava Dosai x 1, Ghee Podi Onion Uttapam x 1",Besant Nagar adyar
Murugan Idli Shop,South Indian,,,Mon, 10:09 AM,"ORDER #1131842583 | Mon, Jan 15, 10:09 AM"," Jan 15, 10:09 AM","Mon, Jan 15, 10:42 AM",173,"Ghee Podi Idli x 3, Ghee Podi Onion Uttapam x 1",Besant Nagar adyar
Murugan Idli Shop,South Indian,,,Tue, 12:08 PM,"ORDER #1117726207 | Tue, Nov 14, 12:08 PM"," Nov 14, 12:08 PM","Tue, Nov 14, 12:35 PM",385,"Ghee Podi Idli x 4, Ghee Onion Rava Dosai x 1, Ghee Podi Onion Uttapam x 1",Besant Nagar adyar
Murugan Idli Shop,South Indian,,,Sun, 9:20 PM,"ORDER #1108831039 | Sun, Sep 24, 9:20 PM"," Sep 24, 9:20 PM","Sun, Sep 24, 9:49 PM",542,"Ghee Podi Onion Uttapam x 2, Ghee Podi Idli x 5, Ghee Onion Rava Dosai x 2",Besant Nagar adyar
Murugan Idli Shop,South Indian,,,Mon, 8:34 AM,"ORDER #1104469791 | Mon, Aug 28, 8:34 AM"," Aug 28, 8:34 AM","Mon, Aug 28, 9:09 AM",340,"Ghee Podi Idli x 4, Rava Dosai x 1, Ghee Onion Rava Dosai x 1",Besant Nagar adyar
Murugan Idli Shop,South Indian,,,Sat, 8:39 PM,"ORDER #1095251628 | Sat, Jun 24, 8:39 PM"," Jun 24, 8:39 PM","Sat, Jun 24, 9:08 PM",140,Ghee Onion Rava Dosai x 1,Besant Nagar adyar
Olive and Basil,Chinese,,,Mon, 10:59 PM,"ORDER #1145886362 | Mon, Feb 26, 10:59 PM"," Feb 26, 10:59 PM","Mon, Feb 26, 11:29 PM",304,"Veg Momos x 1, Veg Pineapple Fried Rice x 1, Egg Nasi Goreng x 1, Baby Corn Hong Kong Style x 1","Sardar Patel, Adyar adyar"
Pait Pooja (RMZ),North Indian,,,Tue, 9:54 PM,"ORDER #1154193408 | Tue, Mar 20, 9:54 PM"," Mar 20, 9:54 PM","Tue, Mar 20, 10:25 PM",350,"Kadhi Rice x 1, Aloo Jeera (Fry) x 1, Garlic Roti x 2",RMZ omr-perungudi
Pait Pooja (RMZ),North Indian,,,Tue, 12:57 PM,"ORDER #1145962574 | Tue, Feb 27, 12:57 PM"," Feb 27, 12:57 PM","Tue, Feb 27, 1:19 PM",198,"Paneer Pepper x 1, Kachumber Salad (1 Cup) x 1",RMZ omr-perungudi
Pait Pooja (RMZ),North Indian,,,Sun, 1:06 PM,"ORDER #1145238689 | Sun, Feb 25, 1:06 PM"," Feb 25, 1:06 PM","Sun, Feb 25, 1:42 PM",271,"Paneer Manchurian x 1, Kachumber Salad (1 Cup) x 2, Curd x 1",RMZ omr-perungudi
Pait Pooja (RMZ),North Indian,,,Thu, 1:11 PM,"ORDER #1141646385 | Thu, Feb 15, 1:11 PM"," Feb 15, 1:11 PM","Thu, Feb 15, 1:27 PM",218,"Kachumber Salad (1 Cup) x 1, Paneer Manchurian x 1",RMZ omr-perungudi
Pait Pooja (RMZ),North Indian,,,Wed, 1:47 PM,"ORDER #1141311959 | Wed, Feb 14, 1:47 PM"," Feb 14, 1:47 PM","Wed, Feb 14, 2:06 PM",243,"Kachumber Salad (1 Cup) x 1, Paneer Manchurian x 1",RMZ omr-perungudi
Pait Pooja (RMZ),North Indian,,,Tue, 1:01 PM,"ORDER #1140985652 | Tue, Feb 13, 1:01 PM"," Feb 13, 1:01 PM","Tue, Feb 13, 1:15 PM",223,"Paneer Chilli x 1, Kachumber Salad (1 Cup) x 1",RMZ omr-perungudi
Pait Pooja (RMZ),North Indian,,,Thu, 1:18 PM,"ORDER #1100711671 | Thu, Aug 3, 1:18 PM"," Aug 3, 1:18 PM","Thu, Aug 3, 1:28 PM",205,Paneer Chilli x 1,RMZ omr-perungudi
Pait Pooja (RMZ),North Indian,,,Wed, 1:19 PM,"ORDER #1100582931 | Wed, Aug 2, 1:19 PM"," Aug 2, 1:19 PM","Wed, Aug 2, 1:39 PM",155,Bhindi Ki Bhujia x 1,RMZ omr-perungudi
Pait Pooja (RMZ),North Indian,,,Tue, 1:02 PM,"ORDER #1097508583 | Tue, Jul 11, 1:02 PM"," Jul 11, 1:02 PM","Tue, Jul 11, 1:15 PM",210,Paneer Manchurian x 1,RMZ omr-perungudi
Pait Pooja (RMZ),North Indian,,,Mon, 1:59 PM,"ORDER #1097405820 | Mon, Jul 10, 1:59 PM"," Jul 10, 1:59 PM","Mon, Jul 10, 2:14 PM",185,Paneer Chilli x 1,RMZ omr-perungudi
Pait Pooja (RMZ),North Indian,,,Fri, 1:45 PM,"ORDER #1087944322 | Fri, Apr 28, 1:45 PM"," Apr 28, 1:45 PM","Fri, Apr 28, 2:34 PM",386,"Paneer Chilli x 1, Dal Makhani x 1, Tawa Phulka x 3, Garlic Roti x 2",RMZ omr-perungudi
Pait Pooja (RMZ),North Indian,,,Thu, 2:01 PM,"ORDER #1086234679 | Thu, Apr 13, 2:01 PM"," Apr 13, 2:01 PM","Thu, Apr 13, 2:27 PM",150,Punjab Di Beer x 2,RMZ omr-perungudi
Pait Pooja (RMZ),North Indian,,,Wed, 12:24 PM,"ORDER #1082341913 | Wed, Mar 8, 12:24 PM"," Mar 8, 12:24 PM","Wed, Mar 8, 12:58 PM",173,"Bhindi Ki Bhujia x 1, Tawa Butter Phulka x 2",RMZ omr-perungudi
Paradise Biryani,Biryani,,,Sun, 10:49 PM,"ORDER #1165839907 | Sun, Apr 15, 10:49 PM"," Apr 15, 10:49 PM","Sun, Apr 15, 11:03 PM",196,Veg Biryani Meal x 1,Rajiv Ghadhi Salai omr-perungudi
Paradise Biryani,Biryani,,,Mon, 10:43 PM,"ORDER #1159739420 | Mon, Apr 2, 10:43 PM"," Apr 2, 10:43 PM","Mon, Apr 2, 10:55 PM",190,Veg Biryani Tray Meal x 1,Diagonally Opp. S2 Theyagaraja Cinemas adyar
Paradise Biryani,Biryani,,,Wed, 10:51 PM,"ORDER #1139119768 | Wed, Feb 7, 10:51 PM"," Feb 7, 10:51 PM","Wed, Feb 7, 11:01 PM",190,Veg Biryani Tray Meal x 1,Diagonally Opp. S2 Theyagaraja Cinemas adyar
Paradise Biryani,Biryani,,,Fri, 9:55 PM,"ORDER #1135293949 | Fri, Jan 26, 9:55 PM"," Jan 26, 9:55 PM","Fri, Jan 26, 10:19 PM",190,Veg Biryani Tray Meal x 1,Diagonally Opp. S2 Theyagaraja Cinemas adyar
Paradise Biryani,Biryani,,,Thu, 10:35 PM,"ORDER #1134947851 | Thu, Jan 25, 10:35 PM"," Jan 25, 10:35 PM","Thu, Jan 25, 10:53 PM",190,Veg Biryani Tray Meal x 1,Diagonally Opp. S2 Theyagaraja Cinemas adyar
Paradise Biryani,Biryani,,,Mon, 9:43 PM,"ORDER #1134116663 | Mon, Jan 22, 9:43 PM"," Jan 22, 9:43 PM","Mon, Jan 22, 9:59 PM",190,Veg Biryani Tray Meal x 1,Diagonally Opp. S2 Theyagaraja Cinemas adyar
Paradise Biryani,Biryani,,,Sun, 2:09 PM,"ORDER #1131582429 | Sun, Jan 14, 2:09 PM"," Jan 14, 2:09 PM","Sun, Jan 14, 2:33 PM",216,"Veg Biryani Tray Meal x 1, Biryani Raita x 3, Mirchi Ka Salan x 2",Rajiv Ghadhi Salai omr-perungudi
Paradise Biryani,Biryani,,,Thu, 10:10 PM,"ORDER #1110549738 | Thu, Oct 5, 10:10 PM"," Oct 5, 10:10 PM","Thu, Oct 5, 10:26 PM",434,"Veg Biryani with Paneer Tikka Kebab x 1, Chicken Biryani with Chicken Tikka Kebab x 1",Diagonally Opp. S2 Theyagaraja Cinemas adyar
Paradise Biryani,Biryani,,,Thu, 10:18 PM,"ORDER #1107138233 | Thu, Sep 14, 10:18 PM"," Sep 14, 10:18 PM","Thu, Sep 14, 11:03 PM",535,"Chicken Biryani with Chicken Tikka Kebab x 1, Veg Biryani with Paneer Tikka Kebab x 1, Double ka Meetha x 1",Diagonally Opp. S2 Theyagaraja Cinemas adyar
Paradise Biryani,Biryani,,,Tue, 10:29 PM,"ORDER #1106851763 | Tue, Sep 12, 10:29 PM"," Sep 12, 10:29 PM","Tue, Sep 12, 11:14 PM",434,"Chicken Biryani with Chicken Tikka Kebab x 1, Veg Biryani with Paneer Tikka Kebab x 1",Diagonally Opp. S2 Theyagaraja Cinemas adyar
Paradise Biryani,Biryani,,,Mon, 2:39 PM,"ORDER #1095513144 | Mon, Jun 26, 2:39 PM"," Jun 26, 2:39 PM","Mon, Jun 26, 3:07 PM",244,Paneer Achari Kebab x 1,Diagonally Opp. S2 Theyagaraja Cinemas adyar
Paradise Biryani,Biryani,,,Sun, 9:30 PM,"ORDER #1094514845 | Sun, Jun 18, 9:30 PM"," Jun 18, 9:30 PM","Sun, Jun 18, 9:50 PM",222,Veg Biryani Meal x 1,Rajiv Ghadhi Salai omr-perungudi
Pind,North Indian,,,Mon, 10:38 PM,"ORDER #1166248154 | Mon, Apr 16, 10:38 PM"," Apr 16, 10:38 PM","Mon, Apr 16, 11:10 PM",933,"Kadai Paneer x 1, Chana Masala x 1, Pind Special Rice x 1, Garlic Naan x 1, Methi Kulcha x 1, Rumali Roti x 1",Thoraipakkam omr-perungudi
Pind,North Indian,,,Mon, 10:44 PM,"ORDER #1162919688 | Mon, Apr 9, 10:44 PM"," Apr 9, 10:44 PM","Mon, Apr 9, 11:20 PM",1110,"Vegetable Biryani x 1, Navratan Korma x 1, Chana Masala x 1, Garlic Naan x 2, Pindi Naan x 1, Methi Kulcha x 1, Mixed Veg Raita x 1",Thoraipakkam omr-perungudi
Pind,North Indian,,,Thu, 10:13 PM,"ORDER #1146848427 | Thu, Mar 1, 10:13 PM"," Mar 1, 10:13 PM","Thu, Mar 1, 11:04 PM",1091,"Matka Paneer x 1, Chana Masala x 1, Garlic Naan x 2, Methi Kulcha x 1, Pind Special Rice x 1, Mixed Veg Raita x 1","Vijayanagar, Velachery velachery"
Pind,North Indian,,,Tue, 10:26 PM,"ORDER #1146189187 | Tue, Feb 27, 10:26 PM"," Feb 27, 10:26 PM","Tue, Feb 27, 11:02 PM",978,"Matka Paneer x 1, Chana Masala x 1, Garlic Naan x 2, Methi Kulcha x 1, Pind Special Rice x 1","Vijayanagar, Velachery velachery"
Pupil,Diet,,,Wed, 11:27 PM,"ORDER #1141567792 | Wed, Feb 14, 11:27 PM"," Feb 14, 11:27 PM","Wed, Feb 14, 11:56 PM",262,Chilli Paneer x 1,Besant Nagar adyar
Pupil,Diet,,,Sun, 9:28 PM,"ORDER #1140578351 | Sun, Feb 11, 9:28 PM"," Feb 11, 9:28 PM","Sun, Feb 11, 10:00 PM",382,"Chilli Paneer x 1, Cold Coffee x 1, Mineral Water x 2",Besant Nagar adyar
Pupil,North Indian,,,Fri, 11:05 PM,"ORDER #1139767052 | Fri, Feb 9, 11:05 PM"," Feb 9, 11:05 PM","Fri, Feb 9, 11:47 PM",805,"Methi Naan x 2, Garlic Naan x 2, Palak Paneer x 1, Kadai Paneer x 1",Besant Nagar adyar
Pupil,North Indian,,,Sun, 10:32 PM,"ORDER #1136013652 | Sun, Jan 28, 10:32 PM"," Jan 28, 10:32 PM","Sun, Jan 28, 10:57 PM",388,"Kadai Paneer x 1, Methi Naan x 1, Garlic Naan x 1",Besant Nagar adyar
Pupil,North Indian,,,Wed, 10:43 PM,"ORDER #1134679657 | Wed, Jan 24, 10:43 PM"," Jan 24, 10:43 PM","Wed, Jan 24, 11:11 PM",755,"Butter Naan x 1, Methi Naan x 2, Kadai Paneer x 1, Dal Makhani x 1, Garlic Naan x 1",Besant Nagar adyar
Pupil,North Indian,,,Tue, 11:16 PM,"ORDER #1132324367 | Tue, Jan 16, 11:16 PM"," Jan 16, 11:16 PM","Tue, Jan 16, 11:39 PM",704,"Palak Paneer x 1, Dal Makhani x 1, Pudina Paratha x 1, Butter Naan x 1, Methi Naan x 1",Besant Nagar adyar
Pupil,North Indian,,,Tue, 10:05 PM,"ORDER #1130291984 | Tue, Jan 9, 10:05 PM"," Jan 9, 10:05 PM","Tue, Jan 9, 10:33 PM",457,"Kadai Paneer x 1, Methi Naan x 1, Garlic Naan x 2",Besant Nagar adyar
Pupil,North Indian,,,Wed, 11:20 PM,"ORDER #1128849741 | Wed, Jan 3, 11:20 PM"," Jan 3, 11:20 PM","Wed, Jan 3, 11:45 PM",460,"Veg Pulao x 1, Kadai Paneer x 1",Besant Nagar adyar
Pupil,North Indian,,,Fri, 11:00 PM,"ORDER #1127611579 | Fri, Dec 29, 11:00 PM"," Dec 29, 11:00 PM","Fri, Dec 29, 11:37 PM",447,"Kadai Paneer x 1, Methi Naan x 1, Garlic Naan x 2",Besant Nagar adyar
Pupil,North Indian,,,Fri, 10:35 PM,"ORDER #1118406019 | Fri, Nov 17, 10:35 PM"," Nov 17, 10:35 PM","Fri, Nov 17, 10:57 PM",754,"Kadai Paneer x 1, Palak Paneer x 1, Garlic Naan x 4",Besant Nagar adyar
Pupil,North Indian,,,Sat, 11:07 PM,"ORDER #1112172231 | Sat, Oct 14, 11:07 PM"," Oct 14, 11:07 PM","Sat, Oct 14, 11:40 PM",765,"Kadai Paneer x 1, Bhindi Masala x 1, Pudina Paratha x 3",Besant Nagar adyar
Pupil,North Indian,,,Sat, 11:28 PM,"ORDER #1109768670 | Sat, Sep 30, 11:28 PM"," Sep 30, 11:28 PM","Sat, Sep 30, 11:49 PM",489,"Roti x 2, Kadai Paneer x 1, Pudina Paratha x 1",Besant Nagar adyar
Pupil,North Indian,,,Fri, 11:11 PM,"ORDER #1108447823 | Fri, Sep 22, 11:11 PM"," Sep 22, 11:11 PM","Fri, Sep 22, 11:51 PM",882,"Kadai Paneer x 1, Malai Kofta x 1, Pudina Paratha x 4",Besant Nagar adyar
Pupil,North Indian,,,Fri, 10:50 PM,"ORDER #1100951336 | Fri, Aug 4, 10:50 PM"," Aug 4, 10:50 PM","Fri, Aug 4, 11:13 PM",342,"Paneer Butter Masala x 1, Pudina Paratha x 2",Besant Nagar adyar
Pupil,North Indian,,,Fri, 10:52 PM,"ORDER #1099932315 | Fri, Jul 28, 10:52 PM"," Jul 28, 10:52 PM","Fri, Jul 28, 11:18 PM",631,"Paneer Butter Masala x 1, Pudina Paratha x 2, Chilli Paneer x 1",Besant Nagar adyar
Pupil,North Indian,,,Thu, 10:58 PM,"ORDER #1099795107 | Thu, Jul 27, 10:58 PM"," Jul 27, 10:58 PM","Thu, Jul 27, 11:21 PM",631,"Palak Paneer x 1, Pudina Paratha x 2, Chilli Paneer x 1",Besant Nagar adyar
Pupil,North Indian,,,Wed, 10:52 PM,"ORDER #1097719945 | Wed, Jul 12, 10:52 PM"," Jul 12, 10:52 PM","Wed, Jul 12, 11:27 PM",465,"Chana Masala x 1, Pudina Paratha x 1, Stuffed Mushroom x 1",Besant Nagar adyar
Relish Nutrition,Diet,,,Thu, 12:42 PM,"ORDER #1075077067 | Thu, Dec 22, 12:42 PM"," Dec 22, 12:42 PM","Thu, Dec 22, 1:34 PM",200,Mexican Mozzarella Salad x 1,Alwarpet alwarpet
Relish Nutrition,Diet,,,Tue, 1:02 PM,"ORDER #1074919112 | Tue, Dec 20, 1:02 PM"," Dec 20, 1:02 PM","Tue, Dec 20, 1:52 PM",200,Mexican Mozzarella Salad x 1,Alwarpet alwarpet
Rotiwala,North Indian,,,Fri, 10:19 PM,"ORDER #1133115536 | Fri, Jan 19, 10:19 PM"," Jan 19, 10:19 PM","Fri, Jan 19, 10:46 PM",,,
Rotiwala,North Indian,,,Sat, 3:14 PM,"ORDER #1088082504 | Sat, Apr 29, 3:14 PM"," Apr 29, 3:14 PM","Sat, Apr 29, 3:57 PM",200,"Cheese Pav Bhaji x 2, Butter Phulka Dal, Sabji & Salad (5 Pcs) x 1",Shastri Nagar adyar
Royal Sandwich,Snacks,,,Sat, 2:51 PM,"ORDER #1129376314 | Sat, Jan 6, 2:51 PM"," Jan 6, 2:51 PM","Sat, Jan 6, 3:44 PM",340,"Masala Puri x 1, Papdi Chaat x 1, Cheese Pav Bhaji x 2, Chana Masala x 1, Samosa (2 Pcs) x 1, Dhai Bhel Puri x 1",Shastri Nagar adyar
Royal Sandwich,Snacks,,,Thu, 12:25 PM,"ORDER #1078980450 | Thu, Feb 2, 12:25 PM"," Feb 2, 12:25 PM","Thu, Feb 2, 1:10 PM",336,"Vadakari Cheese Sandwich x 1, Dark Chocolate Banana Sandwich x 1, Brownie Chocolate Cheese Sandwich x 1, Paneer Cheese Sandwich x 1, Bread Lays Cheese Omelette Sandwich x 1",Kotturpuram alwarpet
Royal Sandwich,Snacks,,,Tue, 12:40 PM,"ORDER #1078807035 | Tue, Jan 31, 12:40 PM"," Jan 31, 12:40 PM","Tue, Jan 31, 1:50 PM",155,"Gobi Vadakari Tandoori Cheese Grilled Sandwich x 1, Double Bread Omelette Cheese x 1",TTK Road alwarpet
Royal Sandwich,Snacks,,,Tue, 2:27 PM,"ORDER #1078161920 | Tue, Jan 24, 2:27 PM"," Jan 24, 2:27 PM","Tue, Jan 24, 3:08 PM",230,"Double Bread Omelette Cheese x 1, Panini Paneer Grilled Sandwich x 1, Dark & White Chocolate Cheese Grilled x 1",TTK Road alwarpet
Royal Sandwich,Snacks,,,Thu, 1:04 PM,"ORDER #1077010347 | Thu, Jan 12, 1:04 PM"," Jan 12, 1:04 PM","Thu, Jan 12, 1:55 PM",325,"Lays Cheese Grilled Sandwich x 1, Panini Paneer Grilled Sandwich x 1, Club Sandwich Cheese Grilled Sandwich x 1, Omlet Mushroom Cheese x 1, Dark & White Chocolate Cheese Grilled x 1",TTK Road alwarpet
Royal Sandwich,Snacks,,,Thu, 12:45 PM,"ORDER #1076349213 | Thu, Jan 5, 12:45 PM"," Jan 5, 12:45 PM","Thu, Jan 5, 1:53 PM",180,"Boiled Egg Paneer Mayo Grilled x 1, Dark & White Chocolate Cheese Grilled x 1, Chicken Lays Mayo Grilled x 1",TTK Road alwarpet
Royal Sandwich,Snacks,,,Thu, 12:49 PM,"ORDER #1075691968 | Thu, Dec 29, 12:49 PM"," Dec 29, 12:49 PM","Thu, Dec 29, 1:59 PM",180,"Omlet Paneer Cheese x 1, Chenna Cheese Tandoori Grilled Sandwich x 1, Dark & White Chocolate Cheese Grilled x 1",TTK Road alwarpet
Royal Sandwich,Snacks,,,Wed, 12:23 PM,"ORDER #1071195272 | Wed, Nov 9, 12:23 PM"," Nov 9, 12:23 PM","Wed, Nov 9, 1:24 PM",185,"Paneer Tandoori Cheese Sandwich x 1, Chenna Cheese Tandoori Grilled Sandwich x 1, Omlet Mushroom Cheese x 1",TTK Road alwarpet
Royal Sandwich,Snacks,,,Thu, 1:02 PM,"ORDER #1070777327 | Thu, Nov 3, 1:02 PM"," Nov 3, 1:02 PM","Thu, Nov 3, 1:58 PM",305,"Paneer Tandoori Cheese Sandwich x 1, Omlet Paneer Cheese x 1, Double Bread Omelette Cheese x 1, Dark & White Chocolate Cheese Grilled x 1, Maggi Paneer Cheese Sandwich x 1",TTK Road alwarpet
Royal Sandwich,Snacks,,,Wed, 12:29 PM,"ORDER #1070284729 | Wed, Oct 26, 12:29 PM"," Oct 26, 12:29 PM","Wed, Oct 26, 1:21 PM",175,"Chenna Cheese Tandoori Grilled Sandwich x 1, Bread Omelette Masala Cheese x 1, Dark & White Chocolate Cheese Grilled x 1",TTK Road alwarpet
Royal Sandwich,Snacks,,,Thu, 12:06 PM,"ORDER #1065082211 | Thu, Aug 11, 12:06 PM"," Aug 11, 12:06 PM","Thu, Aug 11, 12:58 PM",175,"Double Bread Omelette Cheese x 1, Chenna Cheese Tandoori Grilled Sandwich x 1, Dark & White Chocolate Cheese Grilled x 1",TTK Road alwarpet
Royal Sandwich,Snacks,,,Mon, 12:35 PM,"ORDER #1061286385 | Mon, Jun 13, 12:35 PM"," Jun 13, 12:35 PM","Mon, Jun 13, 1:51 PM",305,"Mixed Chocolate Cheese Grilled x 1, Browines Chocolate Sandwich Grilled x 1, Triple Treat Grilled Sandwich x 1, Dark & White Chocolate Cheese Grilled x 2",TTK Road alwarpet
Royal Sandwich,Snacks,,,Wed, 8:59 PM,"ORDER #1055565803 | Wed, Apr 6, 8:59 PM"," Apr 6, 8:59 PM","Wed, Apr 6, 9:58 PM",240,"Paneer Cheese Grilled Sandwich x 1, Khakhra Paneer Sandwich Grilled Sandwich x 1, Mixed Chocolate Cheese Grilled x 2",TTK Road alwarpet
Royal Sandwich,Snacks,,,Wed, 8:55 PM,"ORDER #1055565445 | Wed, Apr 6, 8:55 PM"," Apr 6, 8:55 PM","Wed, Apr 6, 9:58 PM",145,"Browine Chocolate Nuts Grilled x 1, Pizza Sandwich Cheese Grilled Sandwich x 1",TTK Road alwarpet
Sree Gupta Bhavan,North Indian,,,Sat, 12:44 PM,"ORDER #1158466735 | Sat, Mar 31, 12:44 PM"," Mar 31, 12:44 PM","Sat, Mar 31, 1:09 PM",170,"Paneer Tandoori Cheese Sandwich x 1, Corn Lays Cheese Sandwich x 1, Khakhra Paneer Sandwich Grilled Sandwich x 1",TTK Road alwarpet
Sree Gupta Bhavan,North Indian,,,Mon, 1:52 PM,"ORDER #1156478516 | Mon, Mar 26, 1:52 PM"," Mar 26, 1:52 PM","Mon, Mar 26, 2:33 PM",346,Ghar Ki Thali x 2,Opp. IGP Bus Stop kottivakkam omr-perungudi
Subway,European,,,Thu, 10:54 PM,"ORDER #1103958157 | Thu, Aug 24, 10:54 PM"," Aug 24, 10:54 PM","Thu, Aug 24, 11:05 PM",346,Ghar Ki Thali x 2,Opp. IGP Bus Stop kottivakkam omr-perungudi
Subway,European,,,Tue, 10:57 PM,"ORDER #1103690403 | Tue, Aug 22, 10:57 PM"," Aug 22, 10:57 PM","Tue, Aug 22, 11:13 PM",205,"Paneer Tikka Sub 6"" (15 cm) x 1",Thiruvanmiyur adyar
Subway,European,,,Thu, 12:50 PM,"ORDER #1084653011 | Thu, Mar 30, 12:50 PM"," Mar 30, 12:50 PM","Thu, Mar 30, 1:09 PM",150,"Western Egg & Cheese Sub 6"" (15 cm) x 1",Thiruvanmiyur adyar
Subway,European,,,Thu, 8:42 PM,"ORDER #1081784221 | Thu, Mar 2, 8:42 PM"," Mar 2, 8:42 PM","Thu, Mar 2, 9:13 PM",260,Veggie Delight Salad x 1,Kandanchavadi omr-perungudi
Subway,European,,,Wed, 12:03 PM,"ORDER #1081634569 | Wed, Mar 1, 12:03 PM"," Mar 1, 12:03 PM","Wed, Mar 1, 12:54 PM",170,"6"" Veggie Delite Sub x 1",Thiruvanmiyur adyar
Subway,European,,,Tue, 10:18 PM,"ORDER #1079537695 | Tue, Feb 7, 10:18 PM"," Feb 7, 10:18 PM","Tue, Feb 7, 10:51 PM",360,"Aloo Patty Sub (15 Cm / 6 Inch) x 1, Veggie Delite Salad x 1",MRC Nagar mylapore
Subway,European,,,Tue, 12:44 PM,"ORDER #1075531249 | Tue, Dec 27, 12:44 PM"," Dec 27, 12:44 PM","Tue, Dec 27, 1:16 PM",173,"6"" Paneer Tikka Sub x 1",Thiruvanmiyur adyar
Subway,European,,,Wed, 12:31 PM,"ORDER #1071810206 | Wed, Nov 16, 12:31 PM"," Nov 16, 12:31 PM","Wed, Nov 16, 12:58 PM",200,Veggie Delite Salad x 1,MRC Nagar mylapore
Subway,European,,,Mon, 1:24 PM,"ORDER #1071079498 | Mon, Nov 7, 1:24 PM"," Nov 7, 1:24 PM","Mon, Nov 7, 2:23 PM",160,Paneer Tikka Sub (15 Cm / 6 Inch) x 1,MRC Nagar mylapore
Subway,European,,,Thu, 12:38 PM,"ORDER #1068843814 | Thu, Oct 6, 12:38 PM"," Oct 6, 12:38 PM","Thu, Oct 6, 1:47 PM",160,Paneer Tikka Sub (15 Cm / 6 Inch) x 1,MRC Nagar mylapore
Subway,European,,,Mon, 12:02 PM,"ORDER #1063322125 | Mon, Jul 11, 12:02 PM"," Jul 11, 12:02 PM","Mon, Jul 11, 12:40 PM",170,Paneer Tikka Sub (15 Cm / 6 Inch) x 1,MRC Nagar mylapore
Subway,European,,,Mon, 12:13 PM,"ORDER #1062506942 | Mon, Jun 27, 12:13 PM"," Jun 27, 12:13 PM","Mon, Jun 27, 1:00 PM",320,"Corn & Peas Sub (15 cm / 6 inch) x 1, Paneer Tikka Sub (15 cm / 6 inch) x 1",MRC Nagar mylapore
Table 70,European,,,Tue, 10:12 AM,"ORDER #1138575902 | Tue, Feb 6, 10:12 AM"," Feb 6, 10:12 AM","Tue, Feb 6, 10:44 AM",330,"Aloo Patty Sub (15 cm / 6 inch) x 1, Corn & Peas Sub (15 cm / 6 inch) x 1",MRC Nagar mylapore
Table 70,European,,,Sun, 10:18 AM,"ORDER #1120140245 | Sun, Nov 26, 10:18 AM"," Nov 26, 10:18 AM","Sun, Nov 26, 10:50 AM",633,"French Toast Stuffed with Cream Cheese & Wild Blueberry x 1, Creamy Scrambled Eggs with Spinach x 1, Roasted Chilli Frittata x 1, Toast (2) x 1",Besant Nagar adyar
The Fruit Shop On Greams Road,Dessert,,,Thu, 10:59 AM,"ORDER #1081722748 | Thu, Mar 2, 10:59 AM"," Mar 2, 10:59 AM","Thu, Mar 2, 11:47 AM",211,"Roasted Chilli Frittata x 1, French Toast Stuffed with Cream Cheese & Wild Blueberry x 1, Boiled Egg x 2",Besant Nagar adyar
The Fruit Shop On Greams Road,Dessert,,,Thu, 12:31 PM,"ORDER #1070350593 | Thu, Oct 27, 12:31 PM"," Oct 27, 12:31 PM","Thu, Oct 27, 1:31 PM",268,"Pure Musk Melon Juice x 1, Fresh Pineapple Salsa Salad x 1, Fresh Fruit Salad x 1",Cathedral Road alwarpet
The Kati Roll Shop,Chaat,,,Wed, 10:24 PM,"ORDER #1160480153 | Wed, Apr 4, 10:24 PM"," Apr 4, 10:24 PM","Wed, Apr 4, 10:42 PM",205,Fresh Fruit Salad x 2,Besant Nagar adyar
The Mama shop,South Indian,,,Sun, 1:45 AM,"ORDER #1165241516 | Sun, Apr 15, 1:45 AM"," Apr 15, 1:45 AM","Sun, Apr 15, 1:58 AM",124,Paneer Roll x 1,Adyar adyar
The Mama shop,South Indian,,,Wed, 10:26 PM,"ORDER #1160481309 | Wed, Apr 4, 10:26 PM"," Apr 4, 10:26 PM","Wed, Apr 4, 10:55 PM",138,Curd Rice x 1,Shastri Nagar adyar
The Mama shop,South Indian,,,Tue, 11:25 PM,"ORDER #1160117461 | Tue, Apr 3, 11:25 PM"," Apr 3, 11:25 PM","Tue, Apr 3, 11:46 PM",132,Curd Rice x 1,Shastri Nagar adyar
The Mama shop,Chinese,,,Sat, 9:28 PM,"ORDER #1153023179 | Sat, Mar 17, 9:28 PM"," Mar 17, 9:28 PM","Sat, Mar 17, 9:50 PM",162,Curd Rice x 1,Shastri Nagar adyar
The Mama shop,South Indian,,,Mon, 2:08 PM,"ORDER #1148235873 | Mon, Mar 5, 2:08 PM"," Mar 5, 2:08 PM","Mon, Mar 5, 2:30 PM",516,"Veg Maggi Goreng x 2, Curd Rice x 1",Shastri Nagar adyar
The Mama shop,Chinese,,,Thu, 10:12 PM,"ORDER #1144301382 | Thu, Feb 22, 10:12 PM"," Feb 22, 10:12 PM","Thu, Feb 22, 10:32 PM",132,Curd Rice x 1,Shastri Nagar adyar
The Mama shop,South Indian,,,Mon, 10:58 PM,"ORDER #1143382346 | Mon, Feb 19, 10:58 PM"," Feb 19, 10:58 PM","Mon, Feb 19, 11:13 PM",319,"Curd Rice x 1, Veg Maggi Goreng x 1",Shastri Nagar adyar
The Mama shop,Chinese,,,Sat, 11:06 PM,"ORDER #1142646483 | Sat, Feb 17, 11:06 PM"," Feb 17, 11:06 PM","Sat, Feb 17, 11:25 PM",132,Curd Rice x 1,Shastri Nagar adyar
The Mama shop,Chinese,,,Thu, 11:23 PM,"ORDER #1141874663 | Thu, Feb 15, 11:23 PM"," Feb 15, 11:23 PM","Thu, Feb 15, 11:45 PM",668,"Veg Maggi Goreng x 2, Curd Rice x 2",Shastri Nagar adyar
The Mama shop,Chinese,,,Fri, 12:47 AM,"ORDER #1137147910 | Fri, Feb 2, 12:47 AM"," Feb 2, 12:47 AM","Fri, Feb 2, 1:09 AM",690,"Veg Maggi Goreng x 2, Curd Rice x 1, Rose Milk x 2",Shastri Nagar adyar
The Red Box,Chinese,,,Sun, 3:08 PM,"ORDER #1129695892 | Sun, Jan 7, 3:08 PM"," Jan 7, 3:08 PM","Sun, Jan 7, 3:31 PM",354,Veg Maggi Goreng x 2,Shastri Nagar adyar
Tibbs Frankie,Chaat,,,Sat, 3:57 PM,"ORDER #1119945980 | Sat, Nov 25, 3:57 PM"," Nov 25, 3:57 PM","Sat, Nov 25, 4:25 PM",396,"Veg Lung Fung Soup x 1, Crispy Chilli Baby corn x 1, Veg Schezwan Fried Rice & Chilli Cauliflower x 1",Above oven fresh velachery
Tibbs Frankie,Chaat,,,Mon, 2:02 PM,"ORDER #1112460730 | Mon, Oct 16, 2:02 PM"," Oct 16, 2:02 PM","Mon, Oct 16, 2:40 PM",0,Tawa Paneer Frankie x 2,Besant Nagar adyar
Vaishno Thali,North Indian,,,Mon, 2:54 PM,"ORDER #1159529332 | Mon, Apr 2, 2:54 PM"," Apr 2, 2:54 PM","Mon, Apr 2, 3:23 PM",164,Tawa Paneer Frankie x 2,Besant Nagar adyar
Vaishno Thali,North Indian,,,Tue, 2:05 PM,"ORDER #1156842179 | Tue, Mar 27, 2:05 PM"," Mar 27, 2:05 PM","Tue, Mar 27, 2:31 PM",293,"Roti (1 Pc) x 2, Butter Roti (1 Pc) x 2, Chole Palak(300 Gm) x 1, Rajma(300 Gm) x 1, Baingan ka Bharta (300 Gm) x 1, Jeera Rice x 1",Thiruvanmiyur ECR-kottivakkam
Vaishno Thali,North Indian,,,Wed, 1:15 PM,"ORDER #1136629127 | Wed, Jan 31, 1:15 PM"," Jan 31, 1:15 PM","Wed, Jan 31, 1:42 PM",237,"Roti (1 Pc) x 3, Phulka (1 Pc) x 1, Rajma(300 Gm) x 1, Baingan ka Bharta (300 Gm) x 1, Jeera Rice x 1",Thiruvanmiyur ECR-kottivakkam
Vaishno Thali,North Indian,,,Tue, 12:37 PM,"ORDER #1136344429 | Tue, Jan 30, 12:37 PM"," Jan 30, 12:37 PM","Tue, Jan 30, 12:59 PM",200,"Roti (1 Pc) x 4, Bhindi Masala (200 Gm) x 1, Palak Paneer(300 Gm) x 1, Curd x 1",Thiruvanmiyur ECR-kottivakkam
Vaishno Thali,North Indian,,,Thu, 9:03 PM,"ORDER #1132788377 | Thu, Jan 18, 9:03 PM"," Jan 18, 9:03 PM","Thu, Jan 18, 9:45 PM",190,"Roti (1 Pc) x 4, Rajma(300 Gm) x 1, Bhindi Masala (200 Gm) x 1, Curd x 1",Thiruvanmiyur ECR-kottivakkam
Vaishno Thali,North Indian,,,Mon, 10:01 PM,"ORDER #1103554014 | Mon, Aug 21, 10:01 PM"," Aug 21, 10:01 PM","Mon, Aug 21, 10:51 PM",227,"Methi Paratha (1 Pc) x 2, Jeera Rice x 1, Tadka Dal (400 ml) x 1, Jeera Aloo (300 Gm) x 1, Gulab Jamun (1 Pc) x 1",Thiruvanmiyur ECR-kottivakkam
Vaishno Thali,North Indian,,,Sat, 3:22 PM,"ORDER #1098050853 | Sat, Jul 15, 3:22 PM"," Jul 15, 3:22 PM","Sat, Jul 15, 3:39 PM",370,"Punjabi Chole Masala (350 Gm) x 2, Paneer Bhurji x 1, Soybean Aloo (250 Gms) x 1, Phulka (1 Pc) x 3, Mint Paratha (1 Pc) x 2",Thiruvanmiyur ECR-kottivakkam
Vaishno Thali,North Indian,,,Wed, 9:43 PM,"ORDER #1096751873 | Wed, Jul 5, 9:43 PM"," Jul 5, 9:43 PM","Wed, Jul 5, 10:03 PM",99,Mattar Paneer (350 Gm) x 1,Thiruvanmiyur ECR-kottivakkam
Vaishno Thali,North Indian,,,Fri, 8:48 PM,"ORDER #1093207434 | Fri, Jun 9, 8:48 PM"," Jun 9, 8:48 PM","Fri, Jun 9, 9:15 PM",129,Paneer Bhurji x 1,Thiruvanmiyur ECR-kottivakkam
Vaishno Thali,North Indian,,,Can, 9:04 PM,"ORDER #1090970753 | Mon, May 22, 9:04 PM"," May 22, 9:04 PM","Cancelled on Mon, May 22, 10:01 PM",103,"Tadka Dal (400 ml) x 1, Roti (1 Pc) x 3",Thiruvanmiyur ECR-kottivakkam
Vasantha Bhavan,South Indian,,,Thu, 10:20 PM,"ORDER #1154900661 | Thu, Mar 22, 10:20 PM"," Mar 22, 10:20 PM","Thu, Mar 22, 10:46 PM",103,"Tadka Dal (400 ml) x 1, Roti (1 Pc) x 3",Thiruvanmiyur ECR-kottivakkam
Vasantha Bhavan,South Indian,,,Sun, 10:07 PM,"ORDER #1153542215 | Sun, Mar 18, 10:07 PM"," Mar 18, 10:07 PM","Sun, Mar 18, 10:32 PM",304,"Steamed Rice x 1, Chilli Paratha x 1",LB Road adyar
Vishranthi,South Indian,,,Mon, 11:28 AM,"ORDER #1159442837 | Mon, Apr 2, 11:28 AM"," Apr 2, 11:28 AM","Mon, Apr 2, 11:47 AM",320,"Banana Juice x 1, Steamed Rice x 1, Rasam Idli x 1",LB Road adyar
Vishranthi,South Indian,,,Sun, 10:52 AM,"ORDER #1158927162 | Sun, Apr 1, 10:52 AM"," Apr 1, 10:52 AM","Sun, Apr 1, 11:09 AM",62,Curd Vadai (Per Pc) x 1,Besant Nagar adyar
Vishranthi,South Indian,,,Sun, 10:52 AM,"ORDER #1155894475 | Sun, Mar 25, 10:52 AM"," Mar 25, 10:52 AM","Sun, Mar 25, 11:26 AM",52,Curd Vadai (Per Pc) x 1,Besant Nagar adyar
Vishranthi,South Indian,,,Sat, 4:25 PM,"ORDER #1147463090 | Sat, Mar 3, 4:25 PM"," Mar 3, 4:25 PM","Sat, Mar 3, 4:45 PM",83,"Curd Vadai (Per Pc) x 1, Idli (2 Pcs) x 1",Besant Nagar adyar
Vishranthi,South Indian,,,Sat, 10:48 AM,"ORDER #1121347337 | Sat, Dec 2, 10:48 AM"," Dec 2, 10:48 AM","Sat, Dec 2, 11:08 AM",110,"Curd Vadai (Per Pc) x 1, Ghee Rava Masala Dosa x 1",Besant Nagar adyar
Wangs Kitchen,Chinese,,,Wed, 9:29 PM,"ORDER #1081703401 | Wed, Mar 1, 9:29 PM"," Mar 1, 9:29 PM","Wed, Mar 1, 10:00 PM",167,"Onion Uttapam x 1, Curd Vadai (Per Pc) x 2",Besant Nagar adyar
Wangs Kitchen,Chinese,,,Tue, 12:04 PM,"ORDER #1069210594 | Tue, Oct 11, 12:04 PM"," Oct 11, 12:04 PM","Tue, Oct 11, 12:39 PM",256,Veg Sweet Corn Soup x 2,Palavakkam ECR-kottivakkam
Wangs Kitchen,Chinese,,,Mon, 12:14 PM,"ORDER #1062506994 | Mon, Jun 27, 12:14 PM"," Jun 27, 12:14 PM","Mon, Jun 27, 12:57 PM",217,Quick Classic Combo (Veg Spring Rolls (2 Pcs) & Veg Szechwan Noodles Kung Pao Vegetables) x 1,MRC Nagar mylapore
Zaitoon,North Indian,,,Fri, 11:07 PM,"ORDER #1164633417 | Fri, Apr 13, 11:07 PM"," Apr 13, 11:07 PM","Fri, Apr 13, 11:35 PM",193,Veg Chilli Garlic (2 nos) x 1,MRC Nagar mylapore
Zeeshan Restaurant,North Indian,,,Mon, 1:17 PM,"ORDER #1145669168 | Mon, Feb 26, 1:17 PM"," Feb 26, 1:17 PM","Mon, Feb 26, 1:41 PM",664,"Chana Masala x 1, Paneer Kadai Masala x 1, Pudina Naan x 1, Garlic Naan x 1, Masala Kulcha x 1, Veg Pulao x 1, Watermelon Juice x 1",Adyar adyar
Zeeshan Restaurant,North Indian,,,Wed, 12:55 PM,"ORDER #1086919431 | Wed, Apr 19, 12:55 PM"," Apr 19, 12:55 PM","Wed, Apr 19, 1:23 PM",294,"Mixed Raita x 1, Paneer Majestic x 1",Perungudi main road omr-perungudi
,,,,,,,,,357,"Veg Biryani x 1, Nizami Handi x 1",Perungudi main road omr-perungudi