Aasife & Brothers,2017,Biryani,,,Tue, 10:29 PM,"ORDER #1100550241 | Tue, Aug 1, 10:29 PM"," Aug 1, 10:29 PM","Tue, Aug 1, 10:56 PM",145,Boiled Egg x 8,LB Road adyar
Agarwal Chaat House,2017,Chaat,,,Sat, 7:29 PM,"ORDER #1098088929 | Sat, Jul 15, 7:29 PM"," Jul 15, 7:29 PM","Sat, Jul 15, 8:13 PM",120,"Samosa (1 Pc) x 3, Kachori (1 Pc) x 1",Adyar adyar
Agarwal Chaat House,2017,Chaat,,,Sat, 6:34 PM,"ORDER #1098077184 | Sat, Jul 15, 6:34 PM"," Jul 15, 6:34 PM","Sat, Jul 15, 7:12 PM",120,"Samosa (1 Pc) x 3, Kachori (1 Pc) x 1",Adyar adyar
Agarwal Chaat House,2017,Chaat,,,Sat, 7:29 PM,"ORDER #1098088929 | Sat, Jul 15, 7:29 PM"," Jul 15, 7:29 PM","Sat, Jul 15, 8:13 PM",120,"Samosa (1 Pc) x 3, Kachori (1 Pc) x 1",Adyar adyar
Agarwal Chaat House,2017,Chaat,,,Sat, 6:34 PM,"ORDER #1098077184 | Sat, Jul 15, 6:34 PM"," Jul 15, 6:34 PM","Sat, Jul 15, 7:12 PM",120,"Samosa (1 Pc) x 3, Kachori (1 Pc) x 1",Adyar adyar
Bharani Vegetarian Restaurant,2018,South Indian,,,Tue, 5:00 PM,"ORDER #1170004192 | Tue, Apr 24, 5:00 PM"," Apr 24, 5:00 PM","Tue, Apr 24, 5:18 PM",105,Masala Tea x 2,Thiruvanmiyur adyar
Bharani Vegetarian Restaurant,2018,South Indian,,,Mon, 1:20 PM,"ORDER #1169486059 | Mon, Apr 23, 1:20 PM"," Apr 23, 1:20 PM","Mon, Apr 23, 1:51 PM",105,Masala Tea x 2,Thiruvanmiyur adyar
Bharani Vegetarian Restaurant,2018,South Indian,,,Wed, 1:17 PM,"ORDER #1166801129 | Wed, Apr 18, 1:17 PM"," Apr 18, 1:17 PM","Wed, Apr 18, 1:38 PM",105,Masala Tea x 2,Thiruvanmiyur adyar
BurgerMan,2018,Western,,,Fri, 8:10 PM,"ORDER #1161197497 | Fri, Apr 6, 8:10 PM"," Apr 6, 8:10 PM","Fri, Apr 6, 8:36 PM",165,Veggie Nachos x 1,Besant Nagar adyar
BurgerMan,2018,Western,,,Mon, 10:19 PM,"ORDER #1159730383 | Mon, Apr 2, 10:19 PM"," Apr 2, 10:19 PM","Mon, Apr 2, 10:39 PM",165,Veggie Nachos x 1,Besant Nagar adyar
BurgerMan,2018,Western,,,Mon, 4:14 PM,"ORDER #1156527637 | Mon, Mar 26, 4:14 PM"," Mar 26, 4:14 PM","Mon, Mar 26, 4:34 PM",240,"Grilled Hash Browns x 1, Bourbon Ale- Iced Tea x 1",Besant Nagar adyar
Chaat @ Adyar,2017,Chaat,,,Wed, 8:08 PM,"ORDER #1120847486 | Wed, Nov 29, 8:08 PM"," Nov 29, 8:08 PM","Wed, Nov 29, 8:33 PM",103,"Samosa (2 Pcs) x 1, Kachori (2 Pcs) x 1",Shastri Nagar adyar
Chai Galli,2018,North Indian,,,Tue, 11:32 AM,"ORDER #1166321309 | Tue, Apr 17, 11:32 AM"," Apr 17, 11:32 AM","Tue, Apr 17, 12:01 PM",120,Poha x 1,Elliot's Promenade adyar
Chai Galli,2018,North Indian,,,Mon, 4:03 PM,"ORDER #1166032829 | Mon, Apr 16, 4:03 PM"," Apr 16, 4:03 PM","Mon, Apr 16, 4:28 PM",126,Aloo Paratha x 1,Elliot's Promenade adyar
Chai Galli,2018,North Indian,,,Sat, 11:22 AM,"ORDER #1164722508 | Sat, Apr 14, 11:22 AM"," Apr 14, 11:22 AM","Sat, Apr 14, 11:45 AM",179,"Poha x 1, Plain Vada Pav x 1",Elliot's Promenade adyar
Chai Galli,2018,North Indian,,,Thu, 11:09 AM,"ORDER #1163795773 | Thu, Apr 12, 11:09 AM"," Apr 12, 11:09 AM","Thu, Apr 12, 11:36 AM",273,"Plain Vada Pav x 1, Poha x 2",Elliot's Promenade adyar
Chai Galli,2018,North Indian,,,Wed, 11:24 AM,"ORDER #1163378186 | Wed, Apr 11, 11:24 AM"," Apr 11, 11:24 AM","Wed, Apr 11, 12:12 PM",179,"Poha x 1, Plain Vada Pav x 1",Elliot's Promenade adyar
Chai Galli,2018,North Indian,,,Tue, 11:47 AM,"ORDER #1162989359 | Tue, Apr 10, 11:47 AM"," Apr 10, 11:47 AM","Tue, Apr 10, 12:21 PM",179,"Poha x 1, Plain Vada Pav x 1",Elliot's Promenade adyar
Chai Galli,2018,North Indian,,,Mon, 2:03 PM,"ORDER #1162678183 | Mon, Apr 9, 2:03 PM"," Apr 9, 2:03 PM","Mon, Apr 9, 2:28 PM",263,"Adrak Chai (Pot for Four) x 1, Plain Vada Pav x 1",Elliot's Promenade adyar
Chai Galli,2018,North Indian,,,Mon, 12:24 PM,"ORDER #1162625797 | Mon, Apr 9, 12:24 PM"," Apr 9, 12:24 PM","Mon, Apr 9, 1:03 PM",179,"Poha x 1, Plain Vada Pav x 1",Elliot's Promenade adyar
Chai Galli,2018,North Indian,,,Sun, 3:11 PM,"ORDER #1162191802 | Sun, Apr 8, 3:11 PM"," Apr 8, 3:11 PM","Sun, Apr 8, 3:45 PM",273,"Poha x 1, Adrak Chai (Pot for Four) x 1",Elliot's Promenade adyar
Chai Galli,2018,North Indian,,,Sat, 6:29 PM,"ORDER #1161659805 | Sat, Apr 7, 6:29 PM"," Apr 7, 6:29 PM","Sat, Apr 7, 7:03 PM",305,"Adrak Chai (Pot for Four) x 1, Aloo Paratha x 1",Elliot's Promenade adyar
Chai Galli,2018,North Indian,,,Sat, 2:12 PM,"ORDER #1161540030 | Sat, Apr 7, 2:12 PM"," Apr 7, 2:12 PM","Sat, Apr 7, 2:39 PM",179,"Poha x 1, Plain Vada Pav x 1",Elliot's Promenade adyar
Chai Galli,2018,North Indian,,,Fri, 11:08 AM,"ORDER #1160958231 | Fri, Apr 6, 11:08 AM"," Apr 6, 11:08 AM","Fri, Apr 6, 11:51 AM",189,"Poha x 1, Cheese Vada Pav x 1",Elliot's Promenade adyar
Chai Galli,2018,North Indian,,,Wed, 12:10 PM,"ORDER #1160184319 | Wed, Apr 4, 12:10 PM"," Apr 4, 12:10 PM","Wed, Apr 4, 1:00 PM",179,"Poha x 1, Plain Vada Pav x 1",Elliot's Promenade adyar
Chai Galli,2018,North Indian,,,Tue, 1:14 PM,"ORDER #1159846501 | Tue, Apr 3, 1:14 PM"," Apr 3, 1:14 PM","Tue, Apr 3, 1:38 PM",120,Poha x 1,Elliot's Promenade adyar
Chai Galli,2018,North Indian,,,Wed, 11:42 AM,"ORDER #1157138329 | Wed, Mar 28, 11:42 AM"," Mar 28, 11:42 AM","Wed, Mar 28, 12:19 PM",179,"Poha x 1, Plain Vada Pav x 1",Elliot's Promenade adyar
Chai Galli,2018,North Indian,,,Mon, 12:02 PM,"ORDER #1156427163 | Mon, Mar 26, 12:02 PM"," Mar 26, 12:02 PM","Mon, Mar 26, 12:24 PM",120,Poha x 1,Elliot's Promenade adyar
Chai Galli,2018,North Indian,,,Sat, 1:58 PM,"ORDER #1155488901 | Sat, Mar 24, 1:58 PM"," Mar 24, 1:58 PM","Sat, Mar 24, 2:19 PM",221,"Poha x 1, Aloo Paratha x 1",Elliot's Promenade adyar
Chai Galli,2018,North Indian,,,Sat, 2:20 PM,"ORDER #1152785506 | Sat, Mar 17, 2:20 PM"," Mar 17, 2:20 PM","Sat, Mar 17, 2:51 PM",378,"Cheese Vada Pav x 2, Poha x 2",Elliot's Promenade adyar
Chai Galli,2018,North Indian,,,Tue, 12:42 PM,"ORDER #1151210049 | Tue, Mar 13, 12:42 PM"," Mar 13, 12:42 PM","Tue, Mar 13, 1:04 PM",189,"Poha x 1, Cheese Vada Pav x 1",Elliot's Promenade adyar
Chai Galli,2018,North Indian,,,Wed, 12:25 PM,"ORDER #1146264727 | Wed, Feb 28, 12:25 PM"," Feb 28, 12:25 PM","Wed, Feb 28, 1:12 PM",189,"Poha x 1, Cheese Vada Pav x 1",Elliot's Promenade adyar
Chai Galli,2018,North Indian,,,Mon, 12:09 PM,"ORDER #1145642938 | Mon, Feb 26, 12:09 PM"," Feb 26, 12:09 PM","Mon, Feb 26, 12:47 PM",95,Poha x 1,Elliot's Promenade adyar
Chai Galli,2018,North Indian,,,Fri, 3:31 PM,"ORDER #1144462092 | Fri, Feb 23, 3:31 PM"," Feb 23, 3:31 PM","Fri, Feb 23, 3:56 PM",189,"Cheese Vada Pav x 1, Poha x 1",Elliot's Promenade adyar
Chai Galli,2018,North Indian,,,Fri, 11:49 AM,"ORDER #1144372812 | Fri, Feb 23, 11:49 AM"," Feb 23, 11:49 AM","Fri, Feb 23, 12:22 PM",126,Aloo Paratha x 1,Elliot's Promenade adyar
Chai Galli,2018,North Indian,,,Thu, 5:17 PM,"ORDER #1144160000 | Thu, Feb 22, 5:17 PM"," Feb 22, 5:17 PM","Thu, Feb 22, 5:41 PM",179,"Poha x 1, Plain Vada Pav x 1",Elliot's Promenade adyar
Chai Galli,2018,North Indian,,,Wed, 12:06 PM,"ORDER #1143744978 | Wed, Feb 21, 12:06 PM"," Feb 21, 12:06 PM","Wed, Feb 21, 12:34 PM",95,Poha x 1,Elliot's Promenade adyar
Chai Galli,2018,North Indian,,,Tue, 1:34 PM,"ORDER #1143473551 | Tue, Feb 20, 1:34 PM"," Feb 20, 1:34 PM","Tue, Feb 20, 1:59 PM",95,Poha x 1,Elliot's Promenade adyar
Chai Galli,2018,North Indian,,,Sun, 1:03 PM,"ORDER #1142769250 | Sun, Feb 18, 1:03 PM"," Feb 18, 1:03 PM","Sun, Feb 18, 1:41 PM",378,"Poha x 2, Cheese Vada Pav x 2",Elliot's Promenade adyar
Chai Galli,2018,North Indian,,,Sat, 3:08 PM,"ORDER #1142398249 | Sat, Feb 17, 3:08 PM"," Feb 17, 3:08 PM","Sat, Feb 17, 3:49 PM",179,"Poha x 1, Plain Vada Pav x 1",Elliot's Promenade adyar
Chai Galli,2018,North Indian,,,Thu, 2:41 PM,"ORDER #1141678436 | Thu, Feb 15, 2:41 PM"," Feb 15, 2:41 PM","Thu, Feb 15, 3:12 PM",221,"Aloo Paratha x 1, Poha x 1",Elliot's Promenade adyar
Chai Galli,2018,North Indian,,,Sun, 3:05 PM,"ORDER #1138024880 | Sun, Feb 4, 3:05 PM"," Feb 4, 3:05 PM","Sun, Feb 4, 3:26 PM",305,"Aloo Paratha x 1, Plain Vada Pav x 1, Poha x 1",Elliot's Promenade adyar
Chai Galli,2018,North Indian,,,Sat, 2:23 PM,"ORDER #1137590647 | Sat, Feb 3, 2:23 PM"," Feb 3, 2:23 PM","Sat, Feb 3, 2:56 PM",189,Poha x 2,Elliot's Promenade adyar
Chai Galli,2017,North Indian,,,Sat, 2:41 PM,"ORDER #1126125279 | Sat, Dec 23, 2:41 PM"," Dec 23, 2:41 PM","Sat, Dec 23, 3:27 PM",179,"Poha x 1, Kala Chana Chaat x 1",Elliot's Promenade adyar
Chai Galli,2017,North Indian,,,Sun, 11:14 AM,"ORDER #1124717992 | Sun, Dec 17, 11:14 AM"," Dec 17, 11:14 AM","Sun, Dec 17, 11:59 AM",462,"Kala Chana Chaat x 1, Adrak Chai (Pot for Four) x 1, Poha x 2",Elliot's Promenade adyar
Chai Galli,2017,North Indian,,,Sat, 5:51 PM,"ORDER #1121452673 | Sat, Dec 2, 5:51 PM"," Dec 2, 5:51 PM","Sat, Dec 2, 6:29 PM",389,"Kala Chana Chaat x 1, Adrak Chai (Pot for Four) x 1, Tadke Waali Maggi x 1",Elliot's Promenade adyar
Chai Galli,2017,North Indian,,,Tue, 11:20 AM,"ORDER #1119106043 | Tue, Nov 21, 11:20 AM"," Nov 21, 11:20 AM","Tue, Nov 21, 12:02 PM",273,"Poha x 2, Cheese Vada Pav x 1",Elliot's Promenade adyar
Chai Galli,2017,North Indian,,,Fri, 12:42 PM,"ORDER #1118251339 | Fri, Nov 17, 12:42 PM"," Nov 17, 12:42 PM","Fri, Nov 17, 1:17 PM",294,"Aloo Paratha x 1, Poha x 1, Cheese Vada Pav x 1",Elliot's Promenade adyar
Chai Galli,2017,North Indian,,,Sat, 1:45 PM,"ORDER #1117128884 | Sat, Nov 11, 1:45 PM"," Nov 11, 1:45 PM","Sat, Nov 11, 2:27 PM",507,"Poha x 1, Hare Bhare Pakode x 1, Veggie Fest Sandwich x 1, Adrak Chai (Pot For Four) x 1",Elliot's Promenade adyar
Chai Galli,2017,North Indian,,,Fri, 3:54 PM,"ORDER #1116940018 | Fri, Nov 10, 3:54 PM"," Nov 10, 3:54 PM","Fri, Nov 10, 4:30 PM",342,"Tadke Waali Maggi x 1, Poha x 2",Elliot's Promenade adyar
Chai Galli,2017,North Indian,,,Thu, 4:33 PM,"ORDER #1116769128 | Thu, Nov 9, 4:33 PM"," Nov 9, 4:33 PM","Thu, Nov 9, 5:03 PM",401,"Adrak Chai (Pot For Four) x 1, Poha x 2",Elliot's Promenade adyar
Chai Galli,2017,North Indian,,,Wed, 2:38 PM,"ORDER #1116584073 | Wed, Nov 8, 2:38 PM"," Nov 8, 2:38 PM","Wed, Nov 8, 3:20 PM",590,"Adrak Chai (Pot For Four) x 1, Cheese Vada Pav x 2, Poha x 2",Elliot's Promenade adyar
Chai Galli,2017,North Indian,,,Mon, 11:17 AM,"ORDER #1116232656 | Mon, Nov 6, 11:17 AM"," Nov 6, 11:17 AM","Mon, Nov 6, 12:06 PM",578,"Adrak Chai (Pot For Four) x 1, Plain Vada Pav x 1, Poha x 2, Cheese Vada Pav x 1",Elliot's Promenade adyar
Chai Galli,2017,North Indian,,,Sat, 6:35 PM,"ORDER #1115860187 | Sat, Nov 4, 6:35 PM"," Nov 4, 6:35 PM","Sat, Nov 4, 7:18 PM",398,"Plain Vada Pav x 1, Hare Bhare Pakode x 1, Adrak Chai (Pot For Four) x 1",Elliot's Promenade adyar
Chai Galli,2017,North Indian,,,Fri, 3:17 PM,"ORDER #1115617647 | Fri, Nov 3, 3:17 PM"," Nov 3, 3:17 PM","Fri, Nov 3, 3:59 PM",378,"Adrak Chai (Pot For Four) x 1, Plain Vada Pav x 1, Dal ke Pakode x 1",Elliot's Promenade adyar
Chai Galli,2017,North Indian,,,Wed, 4:24 PM,"ORDER #1115283087 | Wed, Nov 1, 4:24 PM"," Nov 1, 4:24 PM","Wed, Nov 1, 5:12 PM",315,"Adrak Chai (Pot For Four) x 1, Hare Bhare Pakode x 1",Elliot's Promenade adyar
Chai Galli,2017,North Indian,,,Tue, 2:46 PM,"ORDER #1115089966 | Tue, Oct 31, 2:46 PM"," Oct 31, 2:46 PM","Tue, Oct 31, 3:39 PM",555,"Adrak Chai (Pot For Four) x 1, Aloo Paratha x 2, Hare Bhare Pakode x 1",Elliot's Promenade adyar
Chai Galli,2017,North Indian,,,Sat, 4:17 PM,"ORDER #1114513193 | Sat, Oct 28, 4:17 PM"," Oct 28, 4:17 PM","Sat, Oct 28, 5:01 PM",602,"Adrak Chai (Pot For Four) x 1, Chai Galli Special Panini x 1, Aloo Masala Panini x 1, Plain Vada Pav x 1",Elliot's Promenade adyar
Chai Galli,2017,North Indian,,,Thu, 3:08 PM,"ORDER #1104900650 | Thu, Aug 31, 3:08 PM"," Aug 31, 3:08 PM","Thu, Aug 31, 4:01 PM",519,Aloo Paratha x 4,Elliot's Promenade adyar
Cool Biz,2017,Diet,,,Fri, 11:47 AM,"ORDER #1102919233 | Fri, Aug 18, 11:47 AM"," Aug 18, 11:47 AM","Fri, Aug 18, 12:09 PM",60,Boiled Egg (2 Pcs) x 1,Lattice Bridge Road adyar
Cool Biz,2017,Diet,,,Fri, 11:04 AM,"ORDER #1102916390 | Fri, Aug 18, 11:04 AM"," Aug 18, 11:04 AM","Fri, Aug 18, 11:43 AM",150,Boiled Egg (2 Pcs) x 4,Lattice Bridge Road adyar
Cool Biz,2017,Snacks,,,Thu, 11:07 AM,"ORDER #1102788418 | Thu, Aug 17, 11:07 AM"," Aug 17, 11:07 AM","Thu, Aug 17, 11:31 AM",150,Boiled Egg (2 Pcs) x 4,Lattice Bridge Road adyar
Copper Chimney,2018,North Indian,,,Mon, 9:49 PM,"ORDER #1128463327 | Mon, Jan 1, 9:49 PM"," Jan 1, 9:49 PM","Mon, Jan 1, 10:17 PM",1370,"Kadai Paneer x 1, Dal Maharaja x 1, Dum Subji Biryani x 1, Raita x 1, Lehsuni Naan x 2, Stuffed Tandoori Kulcha x 2",Taramani omr-perungudi
Copper Chimney,2017,North Indian,,,Sun, 9:43 PM,"ORDER #1120363158 | Sun, Nov 26, 9:43 PM"," Nov 26, 9:43 PM","Sun, Nov 26, 10:10 PM",1275,"Kadai Paneer x 1, Dal Maharaja x 1, Dum Subji Biryani x 1, Lehsuni Naan x 2, Stuffed Tandoori Kulcha x 1, Stuffed Tandoori Kulcha x 1",Taramani omr-perungudi
Copper Chimney,2017,North Indian,,,Sat, 10:37 PM,"ORDER #1117285985 | Sat, Nov 11, 10:37 PM"," Nov 11, 10:37 PM","Sat, Nov 11, 11:05 PM",1086,"Kadai Paneer x 1, Palak Paneer x 1, Lehsuni Naan x 4",Taramani omr-perungudi
Copper Chimney,2017,North Indian,,,Sun, 10:37 PM,"ORDER #1113605334 | Sun, Oct 22, 10:37 PM"," Oct 22, 10:37 PM","Sun, Oct 22, 10:58 PM",1056,"Lahori Chicken x 1, Vegetable Keema x 1, Lehsuni Naan x 3",Taramani omr-perungudi
Copper Chimney,2017,North Indian,,,Wed, 10:07 PM,"ORDER #1109267753 | Wed, Sep 27, 10:07 PM"," Sep 27, 10:07 PM","Wed, Sep 27, 10:43 PM",1092,"Lahori Chicken x 1, Vegetable Jalfrazie x 1, Khasta Roti x 2, Naan x 2",Taramani omr-perungudi
Copper Chimney,2016,North Indian,,,Mon, 10:43 PM,"ORDER #1075517492 | Mon, Dec 26, 10:43 PM"," Dec 26, 10:43 PM","Mon, Dec 26, 11:18 PM",765,"Green Salad x 1, Rogan Josh x 1, Laccha Paratha x 2, Lassi x 1",Gopalapuram royapettah
Copper Chimney,2016,North Indian,,,Sun, 8:48 PM,"ORDER #1075420737 | Sun, Dec 25, 8:48 PM"," Dec 25, 8:48 PM","Sun, Dec 25, 9:57 PM",438,"Tandoori Roti x 2, Palak Paneer x 1",Gopalapuram royapettah
Copper Chimney,2016,North Indian,,,Fri, 10:58 PM,"ORDER #1075232396 | Fri, Dec 23, 10:58 PM"," Dec 23, 10:58 PM","Fri, Dec 23, 11:26 PM",408,"Palak Paneer x 1, Tandoori Roti x 2",Gopalapuram royapettah
Copper Chimney,2016,North Indian,,,Thu, 9:34 PM,"ORDER #1075135934 | Thu, Dec 22, 9:34 PM"," Dec 22, 9:34 PM","Thu, Dec 22, 10:40 PM",785,"Lahori Chicken x 1, Tandoori Roti x 2, Lassi x 1, Fresh Fruit Salad x 1",Gopalapuram royapettah
Copper Chimney,2016,North Indian,,,Sat, 10:40 PM,"ORDER #1074707157 | Sat, Dec 17, 10:40 PM"," Dec 17, 10:40 PM","Sat, Dec 17, 11:16 PM",632,"Lahori Chicken x 1, Tandoori Roti x 3, Lassi x 1",Gopalapuram royapettah
Cozee - Box Out,2017,North Indian,,,Sat, 11:54 PM,"ORDER #1109592651 | Fri, Sep 29, 11:54 PM"," Sep 29, 11:54 PM","Sat, Sep 30, 12:31 AM",476,"Kadai Veg Gravy x 1, Paneer Butter Masala Gravy x 1, Plain Naan x 3",Thiruvanmiyur adyar
Cozee - Box Out,2017,North Indian,,,Thu, 11:57 PM,"ORDER #1107001880 | Wed, Sep 13, 11:57 PM"," Sep 13, 11:57 PM","Thu, Sep 14, 12:39 AM",829,"Paneer Butter Masala Gravy x 1, Kadai Veg Gravy x 1, Garlic Naan x 4, Cucumber Raita x 1, Mineral Water Bottle (1 Litre) x 2",Thiruvanmiyur adyar
Cozee - Box Out,2017,North Indian,,,Wed, 11:42 PM,"ORDER #1102655752 | Tue, Aug 15, 11:42 PM"," Aug 15, 11:42 PM","Wed, Aug 16, 12:12 AM",417,"Paneer Butter Masala Gravy x 1, Dal Tadka x 1, Tawa Phulkha x 3",Thiruvanmiyur adyar
Cozee - Box Out,2017,North Indian,,,Mon, 12:44 AM,"ORDER #1099318066 | Mon, Jul 24, 12:44 AM"," Jul 24, 12:44 AM","Mon, Jul 24, 1:11 AM",441,"Paneer 65 x 1, Paneer Butter Masala Gravy x 1, Plain Naan x 2",Thiruvanmiyur adyar
Cozee - Box Out,2017,North Indian,,,Mon, 12:44 AM,"ORDER #1099318066 | Mon, Jul 24, 12:44 AM"," Jul 24, 12:44 AM","Mon, Jul 24, 1:11 AM",441,"Paneer 65 x 1, Paneer Butter Masala Gravy x 1, Plain Naan x 2",Thiruvanmiyur adyar
Cozee - Box Out,2017,North Indian,,,Wed, 11:43 PM,"ORDER #1097602539 | Tue, Jul 11, 11:43 PM"," Jul 11, 11:43 PM","Wed, Jul 12, 12:35 AM",405,"Paneer Butter Masala Gravy x 1, Roti x 2, Paneer 65 x 1",Thiruvanmiyur adyar
Cozee - Box Out,2017,North Indian,,,Mon, 12:07 AM,"ORDER #1096422611 | Mon, Jul 3, 12:07 AM"," Jul 3, 12:07 AM","Mon, Jul 3, 12:49 AM",248,"Roti x 3, Paneer Butter Masala Gravy x 1",Thiruvanmiyur adyar
Cozee - Box Out,2017,North Indian,,,Wed, 11:43 PM,"ORDER #1097602539 | Tue, Jul 11, 11:43 PM"," Jul 11, 11:43 PM","Wed, Jul 12, 12:35 AM",405,"Paneer Butter Masala Gravy x 1, Roti x 2, Paneer 65 x 1",Thiruvanmiyur adyar
Cozee - Box Out,2017,North Indian,,,Mon, 12:07 AM,"ORDER #1096422611 | Mon, Jul 3, 12:07 AM"," Jul 3, 12:07 AM","Mon, Jul 3, 12:49 AM",248,"Roti x 3, Paneer Butter Masala Gravy x 1",Thiruvanmiyur adyar
Cozee - Box Out,2017,North Indian,,,Wed, 11:43 PM,"ORDER #1097602539 | Tue, Jul 11, 11:43 PM"," Jul 11, 11:43 PM","Wed, Jul 12, 12:35 AM",405,"Paneer Butter Masala Gravy x 1, Roti x 2, Paneer 65 x 1",Thiruvanmiyur adyar
Cozee - Box Out,2017,North Indian,,,Mon, 12:07 AM,"ORDER #1096422611 | Mon, Jul 3, 12:07 AM"," Jul 3, 12:07 AM","Mon, Jul 3, 12:49 AM",248,"Roti x 3, Paneer Butter Masala Gravy x 1",Thiruvanmiyur adyar
Cozee - Box Out,2017,North Indian,,,Wed, 11:43 PM,"ORDER #1097602539 | Tue, Jul 11, 11:43 PM"," Jul 11, 11:43 PM","Wed, Jul 12, 12:35 AM",405,"Paneer Butter Masala Gravy x 1, Roti x 2, Paneer 65 x 1",Thiruvanmiyur adyar
Cozee - Box Out,2017,North Indian,,,Mon, 12:07 AM,"ORDER #1096422611 | Mon, Jul 3, 12:07 AM"," Jul 3, 12:07 AM","Mon, Jul 3, 12:49 AM",248,"Roti x 3, Paneer Butter Masala Gravy x 1",Thiruvanmiyur adyar
Dhabba Express,2017,North Indian,,,Tue, 2:04 PM,"ORDER #1120600035 | Tue, Nov 28, 2:04 PM"," Nov 28, 2:04 PM","Tue, Nov 28, 2:33 PM",341,"Egg Bhurji x 1, Classic Chilli Chicken x 1",Cenotaph Road alwarpet
Dhabba Express,2017,North Indian,,,Fri, 10:26 PM,"ORDER #1088021561 | Fri, Apr 28, 10:26 PM"," Apr 28, 10:26 PM","Fri, Apr 28, 11:46 PM",780,"Navratan Korma x 1, Palak Paneer x 1, Tandoori Roti x 5, Mixed Raita x 1, Masala Papad x 1, Green Salad x 1, Lucknowi Veg Biryani x 1",Besant Nagar adyar
Domino's Pizza,2018,Pizza,,,Sat, 10:15 PM,"ORDER #1165174696 | Sat, Apr 14, 10:15 PM"," Apr 14, 10:15 PM","Sat, Apr 14, 11:44 PM",633,"Mexican Green Wave x 1, Lava Cake x 1, Cheesy Dip x 1, Garlic Breadsticks x 1",Thiruvanmiyur adyar
Domino's Pizza,2018,Pizza,,,Thu, 9:19 PM,"ORDER #1157816880 | Thu, Mar 29, 9:19 PM"," Mar 29, 9:19 PM","Thu, Mar 29, 10:48 PM",529,"Garlic Breadsticks x 1, Cheesy Dip x 1, Mexican Green Wave x 1",Charni Road(E) andheri-east
Domino's Pizza,2018,Pizza,,,Wed, 2:27 PM,"ORDER #1151606770 | Wed, Mar 14, 2:27 PM"," Mar 14, 2:27 PM","Wed, Mar 14, 3:19 PM",294,Mexican Green Wave x 1,Thiruvanmiyur adyar
Domino's Pizza,2018,Pizza,,,Mon, 5:10 PM,"ORDER #1148284200 | Mon, Mar 5, 5:10 PM"," Mar 5, 5:10 PM","Mon, Mar 5, 6:01 PM",294,Mexican Green Wave x 1,Thiruvanmiyur adyar
Domino's Pizza,2018,Pizza,,,Thu, 10:57 PM,"ORDER #1141559857 | Wed, Feb 14, 10:57 PM"," Feb 14, 10:57 PM","Thu, Feb 15, 12:27 AM",404,Mexican Green Wave x 1,Thiruvanmiyur adyar
Domino's Pizza,2018,Pizza,,,Thu, 10:15 PM,"ORDER #1139410509 | Thu, Feb 8, 10:15 PM"," Feb 8, 10:15 PM","Thu, Jan 1, 5:30 AM",319,"Mexican Green Wave x 1, Lava Cake x 1",Thiruvanmiyur adyar
Domino's Pizza,2018,Pizza,,,Sat, 10:47 PM,"ORDER #1135636831 | Sat, Jan 27, 10:47 PM"," Jan 27, 10:47 PM","Sat, Jan 27, 11:45 PM",340,"Mexican Green Wave x 1, Garlic Breadsticks x 1, Cheese Jalapeno Dip x 1",Thiruvanmiyur adyar
Domino's Pizza,2018,Pizza,,,Sun, 4:25 PM,"ORDER #1131626281 | Sun, Jan 14, 4:25 PM"," Jan 14, 4:25 PM","Sun, Jan 14, 5:16 PM",215,Mexican Green Wave x 1,Thiruvanmiyur adyar
Domino's Pizza,2018,Pizza,,,Mon, 12:25 PM,"ORDER #1129917959 | Mon, Jan 8, 12:25 PM"," Jan 8, 12:25 PM","Mon, Jan 8, 1:16 PM",633,"Garlic Breadsticks x 1, Mexican Green Wave x 1, Cheesy Dip x 1",Thiruvanmiyur adyar
Domino's Pizza,2018,Pizza,,,Fri, 3:04 PM,"ORDER #1129123245 | Fri, Jan 5, 3:04 PM"," Jan 5, 3:04 PM","Fri, Jan 5, 3:55 PM",404,Mexican Green Wave x 1,Thiruvanmiyur adyar
Domino's Pizza,2017,Pizza,,,Sun, 1:40 PM,"ORDER #1126359362 | Sun, Dec 24, 1:40 PM"," Dec 24, 1:40 PM","Sun, Dec 24, 2:31 PM",404,Mexican Green Wave x 1,Thiruvanmiyur adyar
Domino's Pizza,2017,Pizza,,,Sat, 3:58 PM,"ORDER #1119946140 | Sat, Nov 25, 3:58 PM"," Nov 25, 3:58 PM","Sat, Nov 25, 5:01 PM",457,Mexican Green Wave x 1,Thiruvanmiyur adyar
Domino's Pizza,2017,Pizza,,,Sun, 5:10 PM,"ORDER #1117423128 | Sun, Nov 12, 5:10 PM"," Nov 12, 5:10 PM","Sun, Nov 12, 6:05 PM",382,"Mexican Green Wave x 1, Taco Mexicana Non Veg x 1",Thiruvanmiyur adyar
Domino's Pizza,2017,Pizza,,,Mon, 5:02 PM,"ORDER #1114954621 | Mon, Oct 30, 5:02 PM"," Oct 30, 5:02 PM","Mon, Oct 30, 5:49 PM",512,"Mexican Green Wave x 1, White Pasta Italiano Veg x 1, Garlic Breadsticks x 1, Cheesy Dip x 1",Thiruvanmiyur adyar
Domino's Pizza,2017,Pizza,,,Mon, 4:38 PM,"ORDER #1113674169 | Mon, Oct 23, 4:38 PM"," Oct 23, 4:38 PM","Mon, Oct 23, 5:32 PM",605,"Mexican Green Wave x 1, Garlic Breadsticks x 2, Cheesy Dip x 2",Thiruvanmiyur adyar
Domino's Pizza,2017,Pizza,,,Sun, 3:24 PM,"ORDER #1113485920 | Sun, Oct 22, 3:24 PM"," Oct 22, 3:24 PM","Sun, Oct 22, 4:08 PM",230,Mexican Green Wave x 1,Thiruvanmiyur adyar
Donut House,2018,Dessert,,,Can, 10:54 PM,"ORDER #1132069508 | Mon, Jan 15, 10:54 PM"," Jan 15, 10:54 PM","Cancelled on Mon, Jan 15, 11:07 PM",195,Assorted Donuts (3 Pcs) x 1,Besant Nagar adyar
Fisherman's Fare Xpress,2018,Diet,,,Fri, 1:50 PM,"ORDER #1146970838 | Fri, Mar 2, 1:50 PM"," Mar 2, 1:50 PM","Fri, Mar 2, 2:17 PM",162,"Fried Egg x 2, Masala Omelette x 1",Besant Nagar adyar
Fisherman's Fare Xpress,2018,Diet,,,Sun, 1:25 PM,"ORDER #1145253565 | Sun, Feb 25, 1:25 PM"," Feb 25, 1:25 PM","Sun, Feb 25, 2:03 PM",95,"Masala Omelette x 1, Fried Egg x 1",Besant Nagar adyar
Fisherman's Fare Xpress,2018,Diet,,,Thu, 1:41 PM,"ORDER #1141658320 | Thu, Feb 15, 1:41 PM"," Feb 15, 1:41 PM","Thu, Feb 15, 2:05 PM",95,"Masala Omelette x 1, Fried Egg x 1",Besant Nagar adyar
Fisherman's Fare Xpress,2018,Diet,,,Wed, 12:37 PM,"ORDER #1141278893 | Wed, Feb 14, 12:37 PM"," Feb 14, 12:37 PM","Wed, Feb 14, 1:05 PM",137,"Masala Omelette x 1, Fried Egg x 2",Besant Nagar adyar
Fisherman's Fare Xpress,2018,Diet,,,Tue, 4:28 PM,"ORDER #1141049027 | Tue, Feb 13, 4:28 PM"," Feb 13, 4:28 PM","Tue, Feb 13, 4:52 PM",95,"Fried Egg x 1, Masala Omelette x 1",Besant Nagar adyar
Fisherman's Fare Xpress,2018,Diet,,,Tue, 12:25 PM,"ORDER #1140972315 | Tue, Feb 13, 12:25 PM"," Feb 13, 12:25 PM","Tue, Feb 13, 12:49 PM",137,"Masala Omelette x 1, Fried Egg x 2",Besant Nagar adyar
Fisherman's Fare Xpress,2018,Diet,,,Mon, 5:40 PM,"ORDER #1140777399 | Mon, Feb 12, 5:40 PM"," Feb 12, 5:40 PM","Mon, Feb 12, 6:08 PM",95,"Masala Omelette x 1, Fried Egg x 1",Besant Nagar adyar
Fisherman's Fare Xpress,2018,Diet,,,Mon, 1:31 PM,"ORDER #1140709992 | Mon, Feb 12, 1:31 PM"," Feb 12, 1:31 PM","Mon, Feb 12, 2:05 PM",273,"Fried Egg x 4, Masala Omelette x 2",Besant Nagar adyar
Fisherman's Fare Xpress,2018,Diet,,,Sun, 9:31 PM,"ORDER #1140580546 | Sun, Feb 11, 9:31 PM"," Feb 11, 9:31 PM","Sun, Feb 11, 10:06 PM",105,Masala Omelette x 2,Besant Nagar adyar
Gangotree,2018,Chaat,,,Fri, 2:49 PM,"ORDER #1161064562 | Fri, Apr 6, 2:49 PM"," Apr 6, 2:49 PM","Fri, Apr 6, 3:17 PM",128,"Samosa with Chutney (2 Pcs) x 1, Dahi Papri Chaat x 1",Gandhi Nagar adyar
Gangotree,2018,Chaat,,,Mon, 9:16 PM,"ORDER #1145841049 | Mon, Feb 26, 9:16 PM"," Feb 26, 9:16 PM","Mon, Feb 26, 9:37 PM",81,"Samosa with Chutney (2 Pcs) x 1, Gulab Jamun x 1",Gandhi Nagar adyar
Gangotree,2018,Chaat,,,Sat, 7:36 PM,"ORDER #1144949096 | Sat, Feb 24, 7:36 PM"," Feb 24, 7:36 PM","Sat, Feb 24, 8:10 PM",95,"Samosa with Chutney (2 Pcs) x 1, Rasmalai x 1",Gandhi Nagar adyar
Gangotree,2018,Chaat,,,Thu, 1:52 PM,"ORDER #1144103469 | Thu, Feb 22, 1:52 PM"," Feb 22, 1:52 PM","Thu, Feb 22, 2:13 PM",100,"Kachori with Chutney (2 Pcs) x 1, Samosa with Chutney (2 Pcs) x 1",Gandhi Nagar adyar
Gangotree,2018,Chaat,,,Mon, 1:36 PM,"ORDER #1143179250 | Mon, Feb 19, 1:36 PM"," Feb 19, 1:36 PM","Mon, Feb 19, 2:06 PM",100,"Pani Puri x 1, Kachori with Chutney (2 Pcs) x 1",Gandhi Nagar adyar
Gangotree,2018,Chaat,,,Fri, 2:00 PM,"ORDER #1141980238 | Fri, Feb 16, 2:00 PM"," Feb 16, 2:00 PM","Fri, Feb 16, 2:20 PM",100,"Samosa with Chutney (2 Pcs) x 1, Pani Puri x 1",Gandhi Nagar adyar
Gangotree,2018,Chaat,,,Sun, 7:26 PM,"ORDER #1138118570 | Sun, Feb 4, 7:26 PM"," Feb 4, 7:26 PM","Sun, Feb 4, 7:51 PM",100,"Samosa with Chutney (2 Pcs) x 1, Pani Puri x 1",Gandhi Nagar adyar
Gangotree,2018,Chaat,,,Thu, 3:58 PM,"ORDER #1136973485 | Thu, Feb 1, 3:58 PM"," Feb 1, 3:58 PM","Thu, Feb 1, 4:25 PM",227,"Samosa with Chutney (2 Pcs) x 1, Kachori with Chutney (2 Pcs) x 1, Gulab Jamun x 1, Rasmalai x 1, Pani Puri x 1",Gandhi Nagar adyar
Gangotree,2018,Chaat,,,Sat, 8:02 PM,"ORDER #1135542962 | Sat, Jan 27, 8:02 PM"," Jan 27, 8:02 PM","Sat, Jan 27, 8:44 PM",180,"Samosa with Chutney (2 Pcs) x 1, Pani Puri x 1, Chana Samosa x 1",Gandhi Nagar adyar
Gangotree,2018,Chaat,,,Sun, 5:48 PM,"ORDER #1133712994 | Sun, Jan 21, 5:48 PM"," Jan 21, 5:48 PM","Sun, Jan 21, 6:25 PM",187,"Cheese Pav Bhaji x 1, Kachori with Chutney (2 Pcs) x 1, Gulab Jamun x 1",Gandhi Nagar adyar
Gangotree,2018,Chaat,,,Sat, 5:30 PM,"ORDER #1133320464 | Sat, Jan 20, 5:30 PM"," Jan 20, 5:30 PM","Sat, Jan 20, 5:54 PM",105,"Kachori with Chutney (2 Pcs) x 1, Pani Puri x 1",Gandhi Nagar adyar
Gangotree,2018,Chaat,,,Sun, 2:08 PM,"ORDER #1131582335 | Sun, Jan 14, 2:08 PM"," Jan 14, 2:08 PM","Sun, Jan 14, 2:59 PM",155,"Samosa with Chutney (2 Pcs) x 1, Kachori with Chutney (2 Pcs) x 1, Pani Puri x 1",Gandhi Nagar adyar
Gangotree,2018,Chaat,,,Sat, 3:05 PM,"ORDER #1131269232 | Sat, Jan 13, 3:05 PM"," Jan 13, 3:05 PM","Sat, Jan 13, 3:34 PM",256,"Cheese Pav Bhaji x 1, Samosa with Chutney (2 Pcs) x 1, Kachori with Chutney (2 Pcs) x 1, Pani Puri x 1",Gandhi Nagar adyar
Gangotree,2018,Chaat,,,Thu, 4:02 PM,"ORDER #1128927582 | Thu, Jan 4, 4:02 PM"," Jan 4, 4:02 PM","Thu, Jan 4, 4:26 PM",136,Kachori with Chutney (2 Pcs) x 2,Gandhi Nagar adyar
Gangotree,2017,Chaat,,,Sun, 4:34 PM,"ORDER #1126405688 | Sun, Dec 24, 4:34 PM"," Dec 24, 4:34 PM","Sun, Dec 24, 5:18 PM",105,"Samosa with Chutney (2 Pcs) x 1, Kachori with Chutney (2 Pcs) x 1",Gandhi Nagar adyar
Gangotree,2017,Chaat,,,Mon, 1:46 PM,"ORDER #1120429048 | Mon, Nov 27, 1:46 PM"," Nov 27, 1:46 PM","Mon, Nov 27, 2:07 PM",130,"Samosa with Chutney (2 Pcs) x 1, Pani Puri x 1",Gandhi Nagar adyar
Gangotree,2017,Chaat,,,Thu, 7:54 PM,"ORDER #1119569770 | Thu, Nov 23, 7:54 PM"," Nov 23, 7:54 PM","Thu, Nov 23, 8:34 PM",186,"Dahi Samosa x 1, Aloo Puri Chaat x 1",Gandhi Nagar adyar
Gangotree,2017,Chaat,,,Tue, 6:04 PM,"ORDER #1119175951 | Tue, Nov 21, 6:04 PM"," Nov 21, 6:04 PM","Tue, Nov 21, 6:33 PM",298,"Cheese Pav Bhaji x 2, Samosa with Chutney (2 Pcs) x 2",Gandhi Nagar adyar
Gangotree,2017,Chaat,,,Mon, 1:19 PM,"ORDER #1118961397 | Mon, Nov 20, 1:19 PM"," Nov 20, 1:19 PM","Mon, Nov 20, 1:48 PM",306,"Samosa with Chutney (2 Pcs) x 1, Pani Puri x 1, Dahi Papri Chaat x 1, Pav Bhaji x 1",Gandhi Nagar adyar
Gangotree,2017,Chaat,,,Sat, 7:41 PM,"ORDER #1118569923 | Sat, Nov 18, 7:41 PM"," Nov 18, 7:41 PM","Sat, Nov 18, 8:31 PM",208,"Pav Bhaji x 1, Dry Samosa (200 gms) x 1",Gandhi Nagar adyar
Gangotree,2017,Chaat,,,Fri, 6:15 PM,"ORDER #1118313589 | Fri, Nov 17, 6:15 PM"," Nov 17, 6:15 PM","Fri, Nov 17, 6:46 PM",83,Samosa with Chutney (2 Pcs) x 1,Gandhi Nagar adyar
Gangotree,2017,Chaat,,,Tue, 4:50 PM,"ORDER #1117779839 | Tue, Nov 14, 4:50 PM"," Nov 14, 4:50 PM","Tue, Nov 14, 5:40 PM",289,"Cheese Pav Bhaji x 1, Samosa with Chutney (2 Pcs) x 1, Dahi Papri Chaat x 1, Pani Puri x 1",Gandhi Nagar adyar
Gangotree,2017,Chaat,,,Thu, 4:31 PM,"ORDER #1114136555 | Thu, Oct 26, 4:31 PM"," Oct 26, 4:31 PM","Thu, Oct 26, 4:59 PM",266,"Cheese Pav Bhaji x 1, Pani Puri x 1, Samosa with Chutney (2 Pcs) x 1, Dahi Tikki x 1",Gandhi Nagar adyar
Gangotree,2017,Chaat,,,Sun, 11:15 AM,"ORDER #1110956433 | Sun, Oct 8, 11:15 AM"," Oct 8, 11:15 AM","Sun, Oct 8, 11:59 AM",141,"Pani Puri x 1, Dahi Tikki x 1",Gandhi Nagar adyar
Gangotree,2017,Chaat,,,Tue, 7:46 PM,"ORDER #1110214394 | Tue, Oct 3, 7:46 PM"," Oct 3, 7:46 PM","Tue, Oct 3, 8:21 PM",165,"Pani Puri x 1, Dahi Papri Chaat x 1",Gandhi Nagar adyar
Gangotree,2017,Chaat,,,Sun, 4:53 PM,"ORDER #1106489751 | Sun, Sep 10, 4:53 PM"," Sep 10, 4:53 PM","Sun, Sep 10, 5:21 PM",165,"Pani Puri x 1, Dahi Papri Chaat x 1",Gandhi Nagar adyar
Gangotree,2017,Chaat,,,Sat, 11:35 AM,"ORDER #1105162267 | Sat, Sep 2, 11:35 AM"," Sep 2, 11:35 AM","Sat, Sep 2, 11:57 AM",214,"Cheese Pav Bhaji x 1, Dahi Papri Chaat x 1",Gandhi Nagar adyar
Gangotree,2016,Chaat,,,Sun, 4:15 PM,"ORDER #1075382357 | Sun, Dec 25, 4:15 PM"," Dec 25, 4:15 PM","Sun, Dec 25, 4:48 PM",158,"Samosa with Chutney (2 Pcs) x 1, Dahi Tikki x 1",Cathedral Road alwarpet
Gangotree,2016,Chaat,,,Sun, 2:06 PM,"ORDER #1075368139 | Sun, Dec 25, 2:06 PM"," Dec 25, 2:06 PM","Sun, Dec 25, 2:26 PM",158,"Dahi Tikki x 1, Samosa with Chutney (2 Pcs) x 1",Cathedral Road alwarpet
Gangotree,2016,Chaat,,,Sat, 4:59 PM,"ORDER #1075280143 | Sat, Dec 24, 4:59 PM"," Dec 24, 4:59 PM","Sat, Dec 24, 5:37 PM",181,"Aloo Tikki with Chana x 1, Samosa with Chutney (2 Pcs) x 1",Cathedral Road alwarpet
Goli Vada Pav No. 1,2018,Chaat,,,Fri, 6:08 PM,"ORDER #1164405331 | Fri, Apr 13, 6:08 PM"," Apr 13, 6:08 PM","Fri, Apr 13, 6:28 PM",168,"Masala Vada Pav x 1, Crispy Vada Pav x 1, Makka Palak Vada Pav x 1",Besant Nagar adyar
Goli Vada Pav No. 1,2018,Chaat,,,Thu, 4:15 PM,"ORDER #1163927462 | Thu, Apr 12, 4:15 PM"," Apr 12, 4:15 PM","Thu, Apr 12, 4:40 PM",206,"Makka Palak Vada Pav x 1, Masala Vada Pav x 1, Crispy Vada Pav x 2",Besant Nagar adyar
Goli Vada Pav No. 1,2018,Chaat,,,Tue, 5:31 PM,"ORDER #1154060909 | Tue, Mar 20, 5:31 PM"," Mar 20, 5:31 PM","Tue, Mar 20, 6:04 PM",130,"Crispy Vada Pav x 2, Masala Vada Pav x 1",Besant Nagar adyar
Goli Vada Pav No. 1,2018,Chaat,,,Sat, 4:11 PM,"ORDER #1144873784 | Sat, Feb 24, 4:11 PM"," Feb 24, 4:11 PM","Sat, Feb 24, 4:33 PM",92,"Crispy Vada Pav x 1, Masala Vada Pav x 1",Besant Nagar adyar
Gulab wala,2018,North Indian,,,Sat, 12:01 PM,"ORDER #1168191512 | Sat, Apr 21, 12:01 PM"," Apr 21, 12:01 PM","Sat, Apr 21, 12:44 PM",209,"Panipuri (5 Pcs) x 2, Mattar Kulcha x 2","Maharana Pratap Chowk, Sector 14 sector-14-zone"
Home Meals,2018,North Indian,,,Tue, 4:04 PM,"ORDER #1128563110 | Tue, Jan 2, 4:04 PM"," Jan 2, 4:04 PM","Tue, Jan 2, 4:51 PM",201,Chole Bhatoora (2 Pcs) x 1,Kotturpuram alwarpet
Home Meals,2017,North Indian,,,Sun, 12:22 PM,"ORDER #1118701796 | Sun, Nov 19, 12:22 PM"," Nov 19, 12:22 PM","Sun, Nov 19, 1:14 PM",287,"Chole Bhatoore (2 Pcs) x 2, Aloo Paratha with Dahi & Achar x 1",LB Road adyar
Hotel Saravana Bhavan,2018,South Indian,,,Tue, 10:54 PM,"ORDER #1166675669 | Tue, Apr 17, 10:54 PM"," Apr 17, 10:54 PM","Tue, Apr 17, 11:14 PM",103,Onion Rava Masala Dosai x 1,Perungudi omr-perungudi
Hotel Saravana Bhavan,2018,South Indian,,,Tue, 1:50 PM,"ORDER #1166391621 | Tue, Apr 17, 1:50 PM"," Apr 17, 1:50 PM","Tue, Apr 17, 2:15 PM",165,Ghee Roast Masala Dosai x 1,Perungudi omr-perungudi
Hotel Saravana Bhavan,2018,South Indian,,,Sat, 2:41 PM,"ORDER #1164861501 | Sat, Apr 14, 2:41 PM"," Apr 14, 2:41 PM","Sat, Apr 14, 3:24 PM",165,Ghee Roast Masala Dosai x 1,Perungudi omr-perungudi
Hotel Saravana Bhavan,2018,South Indian,,,Wed, 3:21 PM,"ORDER #1163489224 | Wed, Apr 11, 3:21 PM"," Apr 11, 3:21 PM","Wed, Apr 11, 3:43 PM",165,Ghee Roast Masala Dosai x 1,Perungudi omr-perungudi
Hotel Saravana Bhavan,2018,South Indian,,,Wed, 2:09 PM,"ORDER #1160246244 | Wed, Apr 4, 2:09 PM"," Apr 4, 2:09 PM","Wed, Apr 4, 2:34 PM",320,"Special Limited Meals x 1, Ghee Roast Masala Dosai x 1",Perungudi omr-perungudi
Hotel Saravana Bhavan,2018,South Indian,,,Mon, 10:39 PM,"ORDER #1156707165 | Mon, Mar 26, 10:39 PM"," Mar 26, 10:39 PM","Mon, Mar 26, 11:08 PM",270,"Onion Rava Masala Dosai x 2, Hot Idli (2) + Medhu Vadai (1) x 1",Perungudi omr-perungudi
Hotel Saravana Bhavan,2017,South Indian,,,Tue, 9:05 PM,"ORDER #1078202729 | Tue, Jan 24, 9:05 PM"," Jan 24, 9:05 PM","Tue, Jan 24, 9:45 PM",559,"Plain Naan x 3, Green Salad x 1, Mattar Paneer (Regular) x 1, Plain Palak (Large) x 1, Gulab Jamun (1) x 2",Perungudi omr-perungudi
Hotel Saravana Bhavan,2017,South Indian,,,Wed, 11:19 PM,"ORDER #1076336990 | Wed, Jan 4, 11:19 PM"," Jan 4, 11:19 PM","Wed, Jan 4, 11:49 PM",118,Onion Rava Dosai x 1,Perungudi omr-perungudi
ID,2017,South Indian,,,Sat, 10:24 PM,"ORDER #1084191637 | Sat, Mar 25, 10:24 PM"," Mar 25, 10:24 PM","Sat, Mar 25, 10:54 PM",486,"Mysore Masala Dosa x 2, Medhu Vada x 1, Kesari Rawa x 1",OMR Perungudi ECR-kottivakkam
ID,2017,South Indian,,,Sun, 1:50 PM,"ORDER #1083475318 | Sun, Mar 19, 1:50 PM"," Mar 19, 1:50 PM","Sun, Mar 19, 2:20 PM",255,"Mysore Masala Dosa x 1, Medhu Vada x 1",OMR Perungudi ECR-kottivakkam
ID,2017,South Indian,,,Sat, 10:02 AM,"ORDER #1079150363 | Sat, Feb 4, 10:02 AM"," Feb 4, 10:02 AM","Sat, Feb 4, 10:25 AM",383,"Mysore Masala Dosa x 1, Spicy Paneer Dosa x 1, Keerai Vada x 1",OMR Perungudi ECR-kottivakkam
JDS Donut House,2018,Dessert,,,Thu, 1:50 PM,"ORDER #1136941166 | Thu, Feb 1, 1:50 PM"," Feb 1, 1:50 PM","Thu, Feb 1, 2:07 PM",160,"Glazed Donut x 1, Double White Donut x 1",Perungudi omr-perungudi
Jonah's Bistro,2017,European,,,Mon, 11:16 PM,"ORDER #1115035376 | Mon, Oct 30, 11:16 PM"," Oct 30, 11:16 PM","Mon, Oct 30, 11:50 PM",828,"Chicken Parmigiana x 1, Toasted Chicken Panini x 1",Besant Nagar adyar
Jonah's Bistro,2017,European,,,Thu, 11:21 PM,"ORDER #1094995400 | Thu, Jun 22, 11:21 PM"," Jun 22, 11:21 PM","Thu, Jun 22, 11:44 PM",403,Grilled Chicken x 1,Besant Nagar adyar
Jonah's Bistro,2017,European,,,Fri, 11:05 PM,"ORDER #1093236728 | Fri, Jun 9, 11:05 PM"," Jun 9, 11:05 PM","Fri, Jun 9, 11:28 PM",362,Chicken Parmigiana x 1,Besant Nagar adyar
Jonah's Goes Fishing,2017,European,,,Sat, 3:15 PM,"ORDER #1098049700 | Sat, Jul 15, 3:15 PM"," Jul 15, 3:15 PM","Sat, Jul 15, 3:35 PM",370,Warm Seafood Salad x 1,Palavakkam ECR-kottivakkam
Jonah's Goes Fishing,2017,European,,,Sat, 3:15 PM,"ORDER #1098049700 | Sat, Jul 15, 3:15 PM"," Jul 15, 3:15 PM","Sat, Jul 15, 3:35 PM",370,Warm Seafood Salad x 1,Palavakkam ECR-kottivakkam
Kalo's,2018,Pizza,,,Tue, 11:05 PM,"ORDER #1128666019 | Tue, Jan 2, 11:05 PM"," Jan 2, 11:05 PM","Tue, Jan 2, 11:31 PM",353,"Cheesy Garlic Bread x 1, Mac & Cheese x 1",Besant Nagar adyar
Kosho,2018,North Indian,,,Thu, 5:17 PM,"ORDER #1157683229 | Thu, Mar 29, 5:17 PM"," Mar 29, 5:17 PM","Thu, Mar 29, 5:49 PM",198,Veg Indian x 1,Chandivali powai
Kulfi House,2018,Dessert,,,Fri, 10:59 PM,"ORDER #1139764524 | Fri, Feb 9, 10:59 PM"," Feb 9, 10:59 PM","Fri, Feb 9, 11:21 PM",400,"Blueberry Kulfi x 1, Raspberry Kulfi x 1, Malai Badam Kulfi x 1, Kesar Badam Pista Kulfi x 1",Adyar adyar
Kulfi House,2017,Dessert,,,Mon, 10:54 PM,"ORDER #1105647874 | Mon, Sep 4, 10:54 PM"," Sep 4, 10:54 PM","Mon, Sep 4, 11:43 PM",230,"Malai Badam Kulfi x 1, Fruits & Nuts Kulfi x 1",Adyar adyar
Kulfi House,2017,Dessert,,,Sun, 11:23 PM,"ORDER #1105519758 | Sun, Sep 3, 11:23 PM"," Sep 3, 11:23 PM","Sun, Sep 3, 11:58 PM",230,"Malai Badam Kulfi x 1, Gulkand Kulfi x 1",Adyar adyar
Kulfi House,2017,Dessert,,,Sat, 11:45 PM,"ORDER #1105143794 | Fri, Sep 1, 11:45 PM"," Sep 1, 11:45 PM","Sat, Sep 2, 12:02 AM",410,"Malai Kulfi x 1, Blueberry Kulfi x 1, Malai Badam Kulfi (Sugar Free) x 1, Gulkand Kulfi x 1",Adyar adyar
Kulfi Treat,2018,Dessert,,,Mon, 10:30 PM,"ORDER #1143374505 | Mon, Feb 19, 10:30 PM"," Feb 19, 10:30 PM","Mon, Feb 19, 10:48 PM",147,"Malai Kulfi Stick x 2, Gulab Badam Kulfi Stick x 1",Thiruvanmiyur adyar
Kulfi Treat,2018,Dessert,,,Thu, 11:25 PM,"ORDER #1141875046 | Thu, Feb 15, 11:25 PM"," Feb 15, 11:25 PM","Thu, Feb 15, 11:32 PM",226,"Raspberry Kulfi Stick x 1, Malai Kulfi Stick x 2, Gulab Badam Kulfi Stick x 1",Thiruvanmiyur adyar
Kulfi Treat,2018,Dessert,,,Mon, 10:10 PM,"ORDER #1138522298 | Mon, Feb 5, 10:10 PM"," Feb 5, 10:10 PM","Mon, Feb 5, 10:23 PM",147,"Malai Kulfi Stick x 2, Kesar Pista Kulfi Stick x 1",Thiruvanmiyur adyar
Kulfi Treat,2018,Dessert,,,Wed, 11:43 PM,"ORDER #1136855631 | Wed, Jan 31, 11:43 PM"," Jan 31, 11:43 PM","Wed, Jan 31, 11:51 PM",232,"Raspberry Kulfi Stick x 1, Strawberry & Lychee Kulfi Stick x 1, Malai & Pista Kulfi Stick x 1, Malai Kulfi Stick x 1",Thiruvanmiyur adyar
Little Italy,2018,Pizza,,,Sun, 1:12 PM,"ORDER #1153224297 | Sun, Mar 18, 1:12 PM"," Mar 18, 1:12 PM","Sun, Mar 18, 1:30 PM",289,Nachos with Cheese Sauce x 1,Palavakkam ECR-kottivakkam
Little Italy,2018,Pizza,,,Mon, 2:11 PM,"ORDER #1148237250 | Mon, Mar 5, 2:11 PM"," Mar 5, 2:11 PM","Mon, Mar 5, 2:43 PM",378,Loaded Nachos x 1,Palavakkam ECR-kottivakkam
Little Italy,2018,Pizza,,,Wed, 10:49 PM,"ORDER #1141557669 | Wed, Feb 14, 10:49 PM"," Feb 14, 10:49 PM","Wed, Feb 14, 11:09 PM",289,Nachos with Cheese Sauce x 1,Palavakkam ECR-kottivakkam
Little Italy,2018,Pizza,,,Thu, 9:28 PM,"ORDER #1137097254 | Thu, Feb 1, 9:28 PM"," Feb 1, 9:28 PM","Thu, Feb 1, 9:52 PM",289,Nachos with Cheese Sauce x 1,Palavakkam ECR-kottivakkam
Little Italy,2017,Pizza,,,Wed, 10:13 PM,"ORDER #1110401356 | Wed, Oct 4, 10:13 PM"," Oct 4, 10:13 PM","Wed, Oct 4, 10:34 PM",413,"Nachos with Cheese Sauce x 1, Lemon Iced Tea x 2",Palavakkam ECR-kottivakkam
Little Italy,2017,Pizza,,,Thu, 10:50 PM,"ORDER #1104988016 | Thu, Aug 31, 10:50 PM"," Aug 31, 10:50 PM","Thu, Aug 31, 11:22 PM",1050,"Mellino Pizza x 1, Loaded Nachos x 1, Lemon Iced Tea x 2",Palavakkam ECR-kottivakkam
Little Italy,2017,Pizza,,,Thu, 10:07 PM,"ORDER #1097836003 | Thu, Jul 13, 10:07 PM"," Jul 13, 10:07 PM","Thu, Jul 13, 10:27 PM",325,Nachos with Cheese Sauce x 1,Besant Nagar adyar
Little Italy,2017,Pizza,,,Sun, 8:46 PM,"ORDER #1097337733 | Sun, Jul 9, 8:46 PM"," Jul 9, 8:46 PM","Sun, Jul 9, 9:30 PM",325,Nachos with Cheese Sauce x 1,Palavakkam ECR-kottivakkam
Little Italy,2017,Pizza,,,Thu, 10:07 PM,"ORDER #1097836003 | Thu, Jul 13, 10:07 PM"," Jul 13, 10:07 PM","Thu, Jul 13, 10:27 PM",325,Nachos with Cheese Sauce x 1,Besant Nagar adyar
Little Italy,2017,Pizza,,,Sun, 8:46 PM,"ORDER #1097337733 | Sun, Jul 9, 8:46 PM"," Jul 9, 8:46 PM","Sun, Jul 9, 9:30 PM",325,Nachos with Cheese Sauce x 1,Palavakkam ECR-kottivakkam
Little Italy,2017,Pizza,,,Thu, 10:07 PM,"ORDER #1097836003 | Thu, Jul 13, 10:07 PM"," Jul 13, 10:07 PM","Thu, Jul 13, 10:27 PM",325,Nachos with Cheese Sauce x 1,Besant Nagar adyar
Little Italy,2017,Pizza,,,Sun, 8:46 PM,"ORDER #1097337733 | Sun, Jul 9, 8:46 PM"," Jul 9, 8:46 PM","Sun, Jul 9, 9:30 PM",325,Nachos with Cheese Sauce x 1,Palavakkam ECR-kottivakkam
Little Italy,2017,Pizza,,,Thu, 10:07 PM,"ORDER #1097836003 | Thu, Jul 13, 10:07 PM"," Jul 13, 10:07 PM","Thu, Jul 13, 10:27 PM",325,Nachos with Cheese Sauce x 1,Besant Nagar adyar
Little Italy,2017,Pizza,,,Sun, 8:46 PM,"ORDER #1097337733 | Sun, Jul 9, 8:46 PM"," Jul 9, 8:46 PM","Sun, Jul 9, 9:30 PM",325,Nachos with Cheese Sauce x 1,Palavakkam ECR-kottivakkam
Little Italy,2017,Pizza,,,Fri, 10:25 PM,"ORDER #1094169200 | Fri, Jun 16, 10:25 PM"," Jun 16, 10:25 PM","Fri, Jun 16, 11:00 PM",423,"Nachos with Cheese Sauce x 1, Garlic Bread x 1",Palavakkam ECR-kottivakkam
Little Italy,2017,Pizza,,,Mon, 10:12 PM,"ORDER #1080129517 | Mon, Feb 13, 10:12 PM"," Feb 13, 10:12 PM","Mon, Feb 13, 10:41 PM",524,"11"" Pizza Napoli x 1",Palavakkam ECR-kottivakkam
Little Italy,2017,Pizza,,,Mon, 9:19 PM,"ORDER #1080121252 | Mon, Feb 13, 9:19 PM"," Feb 13, 9:19 PM","Mon, Feb 13, 10:11 PM",1814,"Nachos with Cheese Sauce x 1, 11"" Pizza Napoli x 1, Panna Cotta x 1, Strawberry Cheesecake x 1, Pasta Barbaresca x 1",Palavakkam ECR-kottivakkam
Lloyd's Tea House,2016,European,,,Sat, 12:11 PM,"ORDER #1075244637 | Sat, Dec 24, 12:11 PM"," Dec 24, 12:11 PM","Sat, Dec 24, 12:51 PM",372,American Breakfast With Chicken Sausage (Coffee) x 1,Gopalapuram royapettah
Lucky Da Punjabi Dhabba,2017,North Indian,,,Fri, 10:22 PM,"ORDER #1077807787 | Fri, Jan 20, 10:22 PM"," Jan 20, 10:22 PM","Fri, Jan 20, 11:23 PM",788,"Dal Makhani x 1, Aloo Mattar (Half) x 1, Lucky Da Special Naan x 4, Gulab Jamun x 1, Kulhad Di Lassi x 2",Perungudi omr-perungudi
Madras Coffee House,2018,Snacks,,,Tue, 12:27 PM,"ORDER #1153957226 | Tue, Mar 20, 12:27 PM"," Mar 20, 12:27 PM","Tue, Mar 20, 12:58 PM",248,"Verkadalai x 2, 5 Cups of Coffee With Flask x 1",Kandanchavady omr-perungudi
McDonald's,2018,Snacks,,,Tue, 9:26 AM,"ORDER #1169838544 | Tue, Apr 24, 9:26 AM"," Apr 24, 9:26 AM","Tue, Apr 24, 10:03 AM",187,Sausage McMuffin Meal x 1,Adyar adyar
McDonald's,2018,Snacks,,,Wed, 9:11 AM,"ORDER #1166722011 | Wed, Apr 18, 9:11 AM"," Apr 18, 9:11 AM","Wed, Apr 18, 9:47 AM",401,"Hot Cake with Flavoured Maple Syrup x 1, Sausage McMuffin Meal x 1, Hashbrown x 1, Veg McMuffin x 1",Adyar adyar
McDonald's,2018,Snacks,,,Mon, 11:04 AM,"ORDER #1165907070 | Mon, Apr 16, 11:04 AM"," Apr 16, 11:04 AM","Mon, Apr 16, 11:46 AM",490,"Sausage McMuffin Meal x 1, Hot Cake with Flavoured Maple Syrup x 1, Hashbrown Brioche Meal x 1, Veg McMuffin x 1",Adyar adyar
McDonald's,2018,Snacks,,,Fri, 9:32 AM,"ORDER #1164206570 | Fri, Apr 13, 9:32 AM"," Apr 13, 9:32 AM","Fri, Apr 13, 10:01 AM",187,Sausage McMuffin Meal x 1,Adyar adyar
Moonlight Takeaway,2017,North Indian,,,Sat, 10:49 PM,"ORDER #1088160726 | Sat, Apr 29, 10:49 PM"," Apr 29, 10:49 PM","Sat, Apr 29, 11:28 PM",404,"Paneer Jalfrezi x 1, Dal Fry x 1, Naan x 3",Kandanchavadi omr-perungudi
More Than Momos,2017,Chinese,,,Sun, 5:01 PM,"ORDER #1079322237 | Sun, Feb 5, 5:01 PM"," Feb 5, 5:01 PM","Sun, Feb 5, 5:35 PM",212,"Supreme Veg Pan Fried Momos x 1, Assorted Pan Fried Momos (6 Pcs) x 1",Adyar ECR-kottivakkam
Munch,2018,North Indian,,,Thu, 2:01 PM,"ORDER #1132660918 | Thu, Jan 18, 2:01 PM"," Jan 18, 2:01 PM","Thu, Jan 18, 2:31 PM",60,Roti Sabji x 1,Veera Perumal Street mylapore
Murugan Idli Shop,2018,South Indian,,,Tue, 12:50 PM,"ORDER #1169892546 | Tue, Apr 24, 12:50 PM"," Apr 24, 12:50 PM","Tue, Apr 24, 1:10 PM",144,"Ghee Onion Rava Dosai x 1, Idli (1 Piece) x 2",Besant Nagar adyar
Murugan Idli Shop,2018,South Indian,,,Sun, 10:57 AM,"ORDER #1161995827 | Sun, Apr 8, 10:57 AM"," Apr 8, 10:57 AM","Sun, Apr 8, 11:40 AM",156,"Idli (1 Piece) x 2, Ghee Podi Masal Dosai x 1",Besant Nagar adyar
Murugan Idli Shop,2018,South Indian,,,Thu, 8:39 AM,"ORDER #1157510938 | Thu, Mar 29, 8:39 AM"," Mar 29, 8:39 AM","Thu, Mar 29, 8:58 AM",254,"Idli (1 Piece) x 4, Sweet Pongal x 1, Ghee Podi Onion Uttapam x 1",Besant Nagar adyar
Murugan Idli Shop,2018,South Indian,,,Wed, 1:43 PM,"ORDER #1157196870 | Wed, Mar 28, 1:43 PM"," Mar 28, 1:43 PM","Wed, Mar 28, 2:35 PM",144,"Ghee Onion Rava Dosai x 1, Idli (1 Piece) x 2",Besant Nagar adyar
Murugan Idli Shop,2018,South Indian,,,Sun, 12:00 PM,"ORDER #1153178491 | Sun, Mar 18, 12:00 PM"," Mar 18, 12:00 PM","Sun, Mar 18, 12:21 PM",101,"Idli (1 Piece) x 2, Ghee Podi Idli x 2",Besant Nagar adyar
Murugan Idli Shop,2018,South Indian,,,Mon, 8:51 PM,"ORDER #1151065276 | Mon, Mar 12, 8:51 PM"," Mar 12, 8:51 PM","Mon, Mar 12, 9:10 PM",312,"Ghee Podi Idli x 3, Ghee Onion Rava Dosai x 1, Ghee Podi Onion Uttapam x 1",Besant Nagar adyar
Murugan Idli Shop,2018,South Indian,,,Mon, 10:24 PM,"ORDER #1148417075 | Mon, Mar 5, 10:24 PM"," Mar 5, 10:24 PM","Mon, Mar 5, 10:53 PM",339,"Ghee Podi Idli x 4, Ghee Onion Rava Dosai x 1, Ghee Podi Dosai x 1",Besant Nagar adyar
Murugan Idli Shop,2018,South Indian,,,Sun, 9:21 PM,"ORDER #1148074707 | Sun, Mar 4, 9:21 PM"," Mar 4, 9:21 PM","Sun, Mar 4, 9:42 PM",189,"Ghee Podi Idli x 2, Ghee Podi Dosai x 1",Besant Nagar adyar
Murugan Idli Shop,2018,South Indian,,,Thu, 12:47 PM,"ORDER #1146614899 | Thu, Mar 1, 12:47 PM"," Mar 1, 12:47 PM","Thu, Mar 1, 1:07 PM",169,"Idli (1 Piece) x 2, Ghee Onion Rava Dosai x 1",Besant Nagar adyar
Murugan Idli Shop,2018,South Indian,,,Mon, 3:54 PM,"ORDER #1145719582 | Mon, Feb 26, 3:54 PM"," Feb 26, 3:54 PM","Mon, Feb 26, 4:22 PM",165,"Ghee Podi Idli x 2, Ghee Onion Rava Dosai x 1",Besant Nagar adyar
Murugan Idli Shop,2018,South Indian,,,Sun, 9:43 PM,"ORDER #1145550005 | Sun, Feb 25, 9:43 PM"," Feb 25, 9:43 PM","Sun, Feb 25, 10:47 PM",122,Ghee Podi Idli x 4,Besant Nagar adyar
Murugan Idli Shop,2018,South Indian,,,Thu, 8:59 AM,"ORDER #1144035017 | Thu, Feb 22, 8:59 AM"," Feb 22, 8:59 AM","Thu, Feb 22, 9:38 AM",138,"Ghee Podi Idli x 2, Rava Dosai x 1",Besant Nagar adyar
Murugan Idli Shop,2018,South Indian,,,Mon, 11:16 AM,"ORDER #1143136374 | Mon, Feb 19, 11:16 AM"," Feb 19, 11:16 AM","Mon, Feb 19, 11:44 AM",138,"Ghee Podi Idli x 2, Rava Dosai x 1",Besant Nagar adyar
Murugan Idli Shop,2018,South Indian,,,Sun, 9:28 PM,"ORDER #1143045370 | Sun, Feb 18, 9:28 PM"," Feb 18, 9:28 PM","Sun, Feb 18, 9:49 PM",91,Ghee Podi Idli x 3,Besant Nagar adyar
Murugan Idli Shop,2018,South Indian,,,Sat, 1:10 PM,"ORDER #1135403225 | Sat, Jan 27, 1:10 PM"," Jan 27, 1:10 PM","Sat, Jan 27, 1:35 PM",294,"Idli (1 Piece) x 2, Ghee Podi Idli x 2, Ghee Podi Onion Uttapam x 1, Rava Dosai x 1",Besant Nagar adyar
Murugan Idli Shop,2018,South Indian,,,Tue, 12:46 PM,"ORDER #1132128754 | Tue, Jan 16, 12:46 PM"," Jan 16, 12:46 PM","Tue, Jan 16, 1:50 PM",125,"Ghee Podi Idli x 2, Idli (1 Piece) x 2, Ghee Podi Onion Uttapam x 1, Ghee Podi Dosai x 1",Besant Nagar adyar
Murugan Idli Shop,2017,South Indian,,,Thu, 11:10 AM,"ORDER #1119465462 | Thu, Nov 23, 11:10 AM"," Nov 23, 11:10 AM","Thu, Nov 23, 11:32 AM",342,"Ghee Podi Idli x 4, Ghee Podi Onion Uttapam x 1, Ghee Onion Rava Dosai x 1",Besant Nagar adyar
Murugan Idli Shop,2017,South Indian,,,Thu, 10:50 AM,"ORDER #1116711329 | Thu, Nov 9, 10:50 AM"," Nov 9, 10:50 AM","Thu, Nov 9, 11:11 AM",399,"Ghee Podi Onion Uttapam x 1, Ghee Podi Idli x 4, Ghee Podi Masal Dosai x 1",Besant Nagar adyar
Murugan Idli Shop,2017,South Indian,,,Sat, 3:10 PM,"ORDER #1105216979 | Sat, Sep 2, 3:10 PM"," Sep 2, 3:10 PM","Sat, Sep 2, 3:53 PM",385,"Ghee Podi Idli x 4, Ghee Podi Onion Uttapam x 1, Ghee Onion Rava Dosai x 1",Besant Nagar adyar
Murugan Idli Shop,2017,South Indian,,,Sun, 10:25 AM,"ORDER #1100127824 | Sun, Jul 30, 10:25 AM"," Jul 30, 10:25 AM","Sun, Jul 30, 10:42 AM",116,Rava Dosai x 1,Besant Nagar adyar
Murugan Idli Shop,2017,South Indian,,,Sun, 10:25 AM,"ORDER #1100127824 | Sun, Jul 30, 10:25 AM"," Jul 30, 10:25 AM","Sun, Jul 30, 10:42 AM",116,Rava Dosai x 1,Besant Nagar adyar
Murugan Idli Shop,2017,South Indian,,,Sat, 8:25 PM,"ORDER #1095245956 | Sat, Jun 24, 8:25 PM"," Jun 24, 8:25 PM","Sat, Jun 24, 8:50 PM",140,Ghee Onion Rava Dosai x 1,Besant Nagar adyar
Pait Pooja (RMZ),2018,North Indian,,,Sat, 3:13 PM,"ORDER #1137612734 | Sat, Feb 3, 3:13 PM"," Feb 3, 3:13 PM","Sat, Feb 3, 3:39 PM",567,"Kadai Paneer x 1, Garlic Roti x 2, Aloo Dum x 1, Bharta Punjabi x 1, Tawa Phulka x 4",RMZ omr-perungudi
Pait Pooja (RMZ),2018,North Indian,,,Wed, 1:59 PM,"ORDER #1128719730 | Wed, Jan 3, 1:59 PM"," Jan 3, 1:59 PM","Wed, Jan 3, 2:25 PM",740,"Sarson Ka Saag x 1, Kadai Paneer x 1, Garlic Roti x 4, Rajma Masala x 1, Basmati Rice x 1, Masala Papad x 1",RMZ omr-perungudi
Papa John's,2017,Pizza,,,Thu, 10:21 PM,"ORDER #1079711943 | Thu, Feb 9, 10:21 PM"," Feb 9, 10:21 PM","Thu, Feb 9, 11:01 PM",384,Farm Fresh Pizza (Medium) x 1,Palavakkam ECR-kottivakkam
Papa John's,2017,Pizza,,,Wed, 8:57 PM,"ORDER #1079608717 | Wed, Feb 8, 8:57 PM"," Feb 8, 8:57 PM","Wed, Feb 8, 9:59 PM",384,Farm Fresh Pizza (Medium) x 1,Palavakkam ECR-kottivakkam
Paradise Biryani,2018,Biryani,,,Sun, 10:24 PM,"ORDER #1156338749 | Sun, Mar 25, 10:24 PM"," Mar 25, 10:24 PM","Sun, Mar 25, 10:44 PM",414,"Chicken Biryani Tray Meal x 1, Veg Biryani Tray Meal x 1",Diagonally Opp. S2 Theyagaraja Cinemas adyar
Paradise Biryani,2018,Biryani,,,Fri, 10:37 PM,"ORDER #1152599286 | Fri, Mar 16, 10:37 PM"," Mar 16, 10:37 PM","Fri, Mar 16, 11:05 PM",458,"Veg Biryani Tray Meal x 1, Chicken Biryani Tray Meal x 1, Double Ka Meetha x 1",Diagonally Opp. S2 Theyagaraja Cinemas adyar
Paradise Biryani,2018,Biryani,,,Thu, 10:09 PM,"ORDER #1144299705 | Thu, Feb 22, 10:09 PM"," Feb 22, 10:09 PM","Thu, Feb 22, 10:27 PM",224,Chicken Biryani Tray Meal x 1,Diagonally Opp. S2 Theyagaraja Cinemas adyar
Paradise Biryani,2018,Biryani,,,Thu, 1:04 PM,"ORDER #1144083616 | Thu, Feb 22, 1:04 PM"," Feb 22, 1:04 PM","Thu, Feb 22, 1:17 PM",190,Veg Biryani Tray Meal x 1,Diagonally Opp. S2 Theyagaraja Cinemas adyar
Paradise Biryani,2018,Biryani,,,Sun, 10:57 PM,"ORDER #1138259827 | Sun, Feb 4, 10:57 PM"," Feb 4, 10:57 PM","Sun, Feb 4, 11:15 PM",414,"Chicken Biryani Tray Meal x 1, Veg Biryani Tray Meal x 1",Diagonally Opp. S2 Theyagaraja Cinemas adyar
Paradise Biryani,2018,Biryani,,,Sun, 1:44 PM,"ORDER #1135766643 | Sun, Jan 28, 1:44 PM"," Jan 28, 1:44 PM","Sun, Jan 28, 2:25 PM",424,"Chicken Biryani Tray Meal x 1, Veg Biryani Tray Meal x 1",Rajiv Ghadhi Salai omr-perungudi
Paradise Biryani,2018,Biryani,,,Sat, 9:48 PM,"ORDER #1133458364 | Sat, Jan 20, 9:48 PM"," Jan 20, 9:48 PM","Sat, Jan 20, 10:23 PM",246,"Chicken Biryani x 1, Biryani Raita x 2, Mirchi Ka Salan x 2",Rajiv Ghadhi Salai omr-perungudi
Paradise Biryani,2018,Biryani,,,Mon, 10:57 PM,"ORDER #1132070191 | Mon, Jan 15, 10:57 PM"," Jan 15, 10:57 PM","Mon, Jan 15, 11:08 PM",424,"Veg Biryani Tray Meal x 1, Chicken Biryani Tray Meal x 1",Diagonally Opp. S2 Theyagaraja Cinemas adyar
Paradise Biryani,2017,Biryani,,,Mon, 9:34 PM,"ORDER #1126766341 | Mon, Dec 25, 9:34 PM"," Dec 25, 9:34 PM","Mon, Dec 25, 9:53 PM",424,"Veg Biryani Tray Meal x 1, Chicken Biryani Tray Meal x 1",Diagonally Opp. S2 Theyagaraja Cinemas adyar
Paradise Biryani,2017,Biryani,,,Sat, 9:25 PM,"ORDER #1120082639 | Sat, Nov 25, 9:25 PM"," Nov 25, 9:25 PM","Sat, Nov 25, 9:46 PM",494,"Veg Biryani with Paneer Tikka Kebab x 1, Chicken Biryani with Chicken Tikka Kebab x 1, Mirchi Ka Salan x 2, Raita x 2, Double ka Meetha x 1",Diagonally Opp. S2 Theyagaraja Cinemas adyar
Paradise Biryani,2017,Biryani,,,Sun, 9:04 PM,"ORDER #1117512685 | Sun, Nov 12, 9:04 PM"," Nov 12, 9:04 PM","Sun, Nov 12, 9:24 PM",545,"Veg Biryani x 1, Chicken Biryani x 1, Raita x 4, Mirchi Ka Salan x 4, Gajar ka Halwa x 1",Diagonally Opp. S2 Theyagaraja Cinemas adyar
Paradise Biryani,2017,Biryani,,,Thu, 10:08 PM,"ORDER #1116855651 | Thu, Nov 9, 10:08 PM"," Nov 9, 10:08 PM","Thu, Nov 9, 10:20 PM",480,"Veg Biryani with Paneer Tikka Kebab x 1, Chicken Biryani with Chicken Tikka Kebab x 1, Double ka Meetha x 1",Diagonally Opp. S2 Theyagaraja Cinemas adyar
Paradise Biryani,2017,Biryani,,,Fri, 9:51 PM,"ORDER #1115717836 | Fri, Nov 3, 9:51 PM"," Nov 3, 9:51 PM","Fri, Nov 3, 10:23 PM",475,"Veg Biryani with Paneer Tikka Kebab x 1, Chicken Biryani with Chicken Tikka Kebab x 1, Raita x 2, Mirchi Ka Salan x 2",Diagonally Opp. S2 Theyagaraja Cinemas adyar
Paradise Biryani,2017,Biryani,,,Mon, 10:56 PM,"ORDER #1113753528 | Mon, Oct 23, 10:56 PM"," Oct 23, 10:56 PM","Mon, Oct 23, 11:09 PM",399,Veg Biryani with Paneer Tikka Kebab x 2,Diagonally Opp. S2 Theyagaraja Cinemas adyar
Paradise Biryani,2017,Biryani,,,Mon, 10:57 PM,"ORDER #1111295380 | Mon, Oct 9, 10:57 PM"," Oct 9, 10:57 PM","Mon, Oct 9, 11:24 PM",434,"Veg Biryani with Paneer Tikka Kebab x 1, Chicken Biryani with Chicken Tikka Kebab x 1",Diagonally Opp. S2 Theyagaraja Cinemas adyar
Paradise Biryani,2017,Biryani,,,Tue, 10:50 PM,"ORDER #1110261331 | Tue, Oct 3, 10:50 PM"," Oct 3, 10:50 PM","Tue, Oct 3, 11:07 PM",459,"Veg Biryani with Paneer Tikka Kebab x 1, Chicken Biryani with Chicken Tikka Kebab x 1",Diagonally Opp. S2 Theyagaraja Cinemas adyar
Paradise Biryani,2017,Biryani,,,Tue, 10:04 PM,"ORDER #1109121901 | Tue, Sep 26, 10:04 PM"," Sep 26, 10:04 PM","Tue, Sep 26, 10:26 PM",455,"Veg Biryani with Paneer Tikka Kebab x 1, Chicken Biryani with Chicken Tikka Kebab x 1, Mirchi Ka Salan x 2, Raita x 2",Diagonally Opp. S2 Theyagaraja Cinemas adyar
Paradise Biryani,2017,Biryani,,,Sat, 10:40 PM,"ORDER #1108635618 | Sat, Sep 23, 10:40 PM"," Sep 23, 10:40 PM","Sat, Sep 23, 11:07 PM",434,"Veg Biryani with Paneer Tikka Kebab x 1, Chicken Biryani with Chicken Tikka Kebab x 1",Diagonally Opp. S2 Theyagaraja Cinemas adyar
Paradise Biryani,2017,Biryani,,,Sun, 10:35 PM,"ORDER #1104461177 | Sun, Aug 27, 10:35 PM"," Aug 27, 10:35 PM","Sun, Aug 27, 10:59 PM",504,"Chicken Biryani x 1, Raita x 6, Mirchi Ka Salan x 6, Veg Biryani x 1",Diagonally Opp. S2 Theyagaraja Cinemas adyar
Paradise Biryani,2017,Biryani,,,Sun, 10:23 PM,"ORDER #1100303818 | Sun, Jul 30, 10:23 PM"," Jul 30, 10:23 PM","Sun, Jul 30, 10:45 PM",267,"Chicken Biryani x 1, Raita x 3, Mirchi Ka Salan x 3",Diagonally Opp. S2 Theyagaraja Cinemas adyar
Paradise Biryani,2017,Biryani,,,Sun, 4:41 PM,"ORDER #1099214128 | Sun, Jul 23, 4:41 PM"," Jul 23, 4:41 PM","Sun, Jul 23, 5:02 PM",443,"Chicken Biryani x 1, Veg Biryani x 1",Diagonally Opp. S2 Theyagaraja Cinemas adyar
Paradise Biryani,2017,Biryani,,,Sun, 4:41 PM,"ORDER #1099214128 | Sun, Jul 23, 4:41 PM"," Jul 23, 4:41 PM","Sun, Jul 23, 5:02 PM",443,"Chicken Biryani x 1, Veg Biryani x 1",Diagonally Opp. S2 Theyagaraja Cinemas adyar
Paradise Biryani,2017,Biryani,,,Fri, 10:46 PM,"ORDER #1096083535 | Fri, Jun 30, 10:46 PM"," Jun 30, 10:46 PM","Fri, Jun 30, 11:25 PM",234,Chicken Biryani x 1,Diagonally Opp. S2 Theyagaraja Cinemas adyar
Paradise Biryani,2017,Biryani,,,Mon, 8:52 PM,"ORDER #1095573689 | Mon, Jun 26, 8:52 PM"," Jun 26, 8:52 PM","Mon, Jun 26, 9:08 PM",291,"Chicken Biryani x 1, Gajar ka Halwa x 1",Diagonally Opp. S2 Theyagaraja Cinemas adyar
Pupil,2018,North Indian,,,Tue, 10:28 PM,"ORDER #1143676667 | Tue, Feb 20, 10:28 PM"," Feb 20, 10:28 PM","Tue, Feb 20, 11:05 PM",765,"Kadai Paneer x 1, Palak Paneer x 1, Garlic Naan x 1, Methi Naan x 2, Naan x 1",Besant Nagar adyar
Pupil,2018,North Indian,,,Tue, 10:56 PM,"ORDER #1138819953 | Tue, Feb 6, 10:56 PM"," Feb 6, 10:56 PM","Tue, Feb 6, 11:20 PM",775,"Palak Paneer x 1, Kadai Paneer x 1, Methi Naan x 2, Garlic Naan x 2",Besant Nagar adyar
Pupil,2018,North Indian,,,Sat, 10:56 PM,"ORDER #1137829695 | Sat, Feb 3, 10:56 PM"," Feb 3, 10:56 PM","Sat, Feb 3, 11:44 PM",727,"Palak Paneer x 1, Chana Masala x 1, Garlic Naan x 2, Methi Naan x 1, Kulcha x 1",Besant Nagar adyar
Pupil,2018,North Indian,,,Wed, 10:17 PM,"ORDER #1136832669 | Wed, Jan 31, 10:17 PM"," Jan 31, 10:17 PM","Wed, Jan 31, 10:56 PM",701,"Kadai Paneer x 1, Dal Makhani x 1, Methi Naan x 2, Garlic Naan x 1",Besant Nagar adyar
Pupil,2018,North Indian,,,Wed, 12:27 PM,"ORDER #1132375675 | Wed, Jan 17, 12:27 PM"," Jan 17, 12:27 PM","Wed, Jan 17, 1:11 PM",275,Paneer Cheese Tikka x 1,Besant Nagar adyar
Pupil,2018,North Indian,,,Sun, 10:47 PM,"ORDER #1131804239 | Sun, Jan 14, 10:47 PM"," Jan 14, 10:47 PM","Sun, Jan 14, 11:20 PM",711,"Kadai Paneer x 1, Chana Masala x 1, Kulcha x 2, Methi Naan x 1, Garlic Naan x 1",Besant Nagar adyar
Pupil,2018,North Indian,,,Fri, 11:16 PM,"ORDER #1131134520 | Fri, Jan 12, 11:16 PM"," Jan 12, 11:16 PM","Fri, Jan 12, 11:35 PM",284,Paneer Butter Masala x 1,Besant Nagar adyar
Pupil,2018,North Indian,,,Sat, 11:28 PM,"ORDER #1129566033 | Sat, Jan 6, 11:28 PM"," Jan 6, 11:28 PM","Sat, Jan 6, 11:55 PM",450,"Kadai Paneer x 1, Butter Naan x 3",Besant Nagar adyar
Pupil,2017,North Indian,,,Sun, 10:47 PM,"ORDER #1123389111 | Sun, Dec 10, 10:47 PM"," Dec 10, 10:47 PM","Sun, Dec 10, 11:26 PM",771,"Kadai Paneer x 1, Paneer Butter Masala x 1, Garlic Naan x 2, Methi Naan x 2",Besant Nagar adyar
Pupil,2017,North Indian,,,Fri, 9:28 PM,"ORDER #1122792722 | Fri, Dec 8, 9:28 PM"," Dec 8, 9:28 PM","Fri, Dec 8, 10:00 PM",775,"Kadai Paneer x 1, Palak Paneer x 1, Methi Naan x 2, Garlic Naan x 2",Besant Nagar adyar
Pupil,2017,North Indian,,,Fri, 10:25 PM,"ORDER #1121311551 | Fri, Dec 1, 10:25 PM"," Dec 1, 10:25 PM","Fri, Dec 1, 11:01 PM",759,"Palak Paneer x 1, Kadai Paneer x 1, Garlic Naan x 2, Methi Naan x 1, Butter Naan x 1",Besant Nagar adyar
Pupil,2017,North Indian,,,Mon, 9:50 PM,"ORDER #1120533885 | Mon, Nov 27, 9:50 PM"," Nov 27, 9:50 PM","Mon, Nov 27, 10:28 PM",771,"Kadai Paneer x 1, Paneer Butter Masala x 1, Garlic Naan x 2, Methi Naan x 2",Besant Nagar adyar
Pupil,2017,North Indian,,,Sun, 9:27 PM,"ORDER #1114861985 | Sun, Oct 29, 9:27 PM"," Oct 29, 9:27 PM","Sun, Oct 29, 9:48 PM",845,"Kadai Paneer x 1, Palak Paneer x 1, Garlic Naan x 4",Besant Nagar adyar
Pupil,2017,North Indian,,,Thu, 11:13 PM,"ORDER #1114229393 | Thu, Oct 26, 11:13 PM"," Oct 26, 11:13 PM","Thu, Oct 26, 11:42 PM",585,"Kadai Paneer x 1, Garlic Naan x 4",Besant Nagar adyar
Pupil,2017,North Indian,,,Wed, 10:40 PM,"ORDER #1110405813 | Wed, Oct 4, 10:40 PM"," Oct 4, 10:40 PM","Wed, Oct 4, 11:08 PM",803,"Paneer Butter Masala x 1, Kadai Paneer x 1, Pudina Paratha x 4",Besant Nagar adyar
Pupil,2017,North Indian,,,Mon, 10:51 PM,"ORDER #1108989715 | Mon, Sep 25, 10:51 PM"," Sep 25, 10:51 PM","Mon, Sep 25, 11:28 PM",783,"Kadai Paneer x 1, Chana Masala x 1, Pudina Paratha x 4",Besant Nagar adyar
Pupil,2017,North Indian,,,Mon, 10:29 PM,"ORDER #1107855387 | Mon, Sep 18, 10:29 PM"," Sep 18, 10:29 PM","Mon, Sep 18, 10:58 PM",783,"Palak Paneer x 1, Pudina Paratha x 4, Chana Masala x 1",Besant Nagar adyar
Pupil,2017,North Indian,,,Fri, 10:06 PM,"ORDER #1105129655 | Fri, Sep 1, 10:06 PM"," Sep 1, 10:06 PM","Fri, Sep 1, 10:29 PM",728,"Kadai Paneer x 1, Chana Masala x 1, Pudina Paratha x 3",Besant Nagar adyar
Pupil,2017,North Indian,,,Sat, 3:32 PM,"ORDER #1104170640 | Sat, Aug 26, 3:32 PM"," Aug 26, 3:32 PM","Sat, Aug 26, 3:59 PM",404,"Palak Paneer x 1, Pudina Paratha x 2",Besant Nagar adyar
Pupil,2017,North Indian,,,Thu, 10:44 PM,"ORDER #1102903267 | Thu, Aug 17, 10:44 PM"," Aug 17, 10:44 PM","Thu, Aug 17, 11:22 PM",753,"Palak Paneer x 1, Pudina Paratha x 3, Chana Masala x 1",Besant Nagar adyar
Pupil,2017,North Indian,,,Tue, 3:28 PM,"ORDER #1102560189 | Tue, Aug 15, 3:28 PM"," Aug 15, 3:28 PM","Tue, Aug 15, 4:00 PM",615,"Paneer Butter Masala x 1, Chana Masala x 1, Pudina Paratha x 3",Besant Nagar adyar
Pupil,2017,North Indian,,,Tue, 10:59 PM,"ORDER #1101588158 | Tue, Aug 8, 10:59 PM"," Aug 8, 10:59 PM","Tue, Aug 8, 11:19 PM",342,"Paneer Butter Masala x 1, Pudina Paratha x 2",Besant Nagar adyar
Pupil,2017,North Indian,,,Sat, 11:01 PM,"ORDER #1101132241 | Sat, Aug 5, 11:01 PM"," Aug 5, 11:01 PM","Sat, Aug 5, 11:24 PM",317,"Chana Masala x 1, Pudina Paratha x 1",Besant Nagar adyar
Pupil,2017,North Indian,,,Sun, 12:23 PM,"ORDER #1100144263 | Sun, Jul 30, 12:23 PM"," Jul 30, 12:23 PM","Sun, Jul 30, 12:55 PM",606,"Paneer Butter Masala x 1, Pudina Paratha x 2, Chilli Paneer x 1",Besant Nagar adyar
Pupil,2017,North Indian,,,Mon, 8:59 PM,"ORDER #1099405992 | Mon, Jul 24, 8:59 PM"," Jul 24, 8:59 PM","Mon, Jul 24, 9:23 PM",367,"Palak Paneer x 1, Pudina Paratha x 2",Besant Nagar adyar
Pupil,2017,North Indian,,,Mon, 8:59 PM,"ORDER #1099405992 | Mon, Jul 24, 8:59 PM"," Jul 24, 8:59 PM","Mon, Jul 24, 9:23 PM",367,"Palak Paneer x 1, Pudina Paratha x 2",Besant Nagar adyar
Pupil,2017,North Indian,,,Sat, 4:14 PM,"ORDER #1097095419 | Sat, Jul 8, 4:14 PM"," Jul 8, 4:14 PM","Sat, Jul 8, 4:40 PM",84,Mineral Water x 2,Besant Nagar adyar
Pupil,2017,North Indian,,,Sat, 3:30 PM,"ORDER #1097089403 | Sat, Jul 8, 3:30 PM"," Jul 8, 3:30 PM","Sat, Jul 8, 4:04 PM",421,"Palak Paneer x 1, Pudina Paratha x 2, Mineral Water x 2",Besant Nagar adyar
Pupil,2017,North Indian,,,Sat, 10:44 PM,"ORDER #1096241884 | Sat, Jul 1, 10:44 PM"," Jul 1, 10:44 PM","Sat, Jul 1, 11:26 PM",631,"Palak Paneer x 1, Paneer Cheese Tikka x 1, Naan x 2",Besant Nagar adyar
Pupil,2017,North Indian,,,Sat, 4:14 PM,"ORDER #1097095419 | Sat, Jul 8, 4:14 PM"," Jul 8, 4:14 PM","Sat, Jul 8, 4:40 PM",84,Mineral Water x 2,Besant Nagar adyar
Pupil,2017,North Indian,,,Sat, 3:30 PM,"ORDER #1097089403 | Sat, Jul 8, 3:30 PM"," Jul 8, 3:30 PM","Sat, Jul 8, 4:04 PM",421,"Palak Paneer x 1, Pudina Paratha x 2, Mineral Water x 2",Besant Nagar adyar
Pupil,2017,North Indian,,,Sat, 10:44 PM,"ORDER #1096241884 | Sat, Jul 1, 10:44 PM"," Jul 1, 10:44 PM","Sat, Jul 1, 11:26 PM",631,"Palak Paneer x 1, Paneer Cheese Tikka x 1, Naan x 2",Besant Nagar adyar
Pupil,2017,North Indian,,,Sat, 4:14 PM,"ORDER #1097095419 | Sat, Jul 8, 4:14 PM"," Jul 8, 4:14 PM","Sat, Jul 8, 4:40 PM",84,Mineral Water x 2,Besant Nagar adyar
Pupil,2017,North Indian,,,Sat, 3:30 PM,"ORDER #1097089403 | Sat, Jul 8, 3:30 PM"," Jul 8, 3:30 PM","Sat, Jul 8, 4:04 PM",421,"Palak Paneer x 1, Pudina Paratha x 2, Mineral Water x 2",Besant Nagar adyar
Pupil,2017,North Indian,,,Sat, 10:44 PM,"ORDER #1096241884 | Sat, Jul 1, 10:44 PM"," Jul 1, 10:44 PM","Sat, Jul 1, 11:26 PM",631,"Palak Paneer x 1, Paneer Cheese Tikka x 1, Naan x 2",Besant Nagar adyar
Pupil,2017,North Indian,,,Sat, 4:14 PM,"ORDER #1097095419 | Sat, Jul 8, 4:14 PM"," Jul 8, 4:14 PM","Sat, Jul 8, 4:40 PM",84,Mineral Water x 2,Besant Nagar adyar
Pupil,2017,North Indian,,,Sat, 3:30 PM,"ORDER #1097089403 | Sat, Jul 8, 3:30 PM"," Jul 8, 3:30 PM","Sat, Jul 8, 4:04 PM",421,"Palak Paneer x 1, Pudina Paratha x 2, Mineral Water x 2",Besant Nagar adyar
Pupil,2017,North Indian,,,Sat, 10:44 PM,"ORDER #1096241884 | Sat, Jul 1, 10:44 PM"," Jul 1, 10:44 PM","Sat, Jul 1, 11:26 PM",631,"Palak Paneer x 1, Paneer Cheese Tikka x 1, Naan x 2",Besant Nagar adyar
Pupil,2017,North Indian,,,Wed, 10:49 PM,"ORDER #1094872091 | Wed, Jun 21, 10:49 PM"," Jun 21, 10:49 PM","Wed, Jun 21, 11:19 PM",265,Butter Chicken Masala x 1,Besant Nagar adyar
Pupil,2017,North Indian,,,Sun, 8:33 PM,"ORDER #1093534808 | Sun, Jun 11, 8:33 PM"," Jun 11, 8:33 PM","Sun, Jun 11, 9:10 PM",312,"Naan x 2, Paneer Butter Masala x 1",Besant Nagar adyar
Pupil,2017,North Indian,,,Sun, 8:20 PM,"ORDER #1090846770 | Sun, May 21, 8:20 PM"," May 21, 8:20 PM","Sun, May 21, 8:49 PM",650,"Paneer Butter Masala x 1, Chana Masala x 1, Naan x 4, Mineral Water x 1",Besant Nagar adyar
Pupil,2017,North Indian,,,Thu, 11:19 PM,"ORDER #1090455256 | Thu, May 18, 11:19 PM"," May 18, 11:19 PM","Thu, May 18, 11:38 PM",312,"Paneer Butter Masala x 1, Naan x 2",Besant Nagar adyar
Rain Forest,2018,North Indian,,,Thu, 10:18 PM,"ORDER #1129035200 | Thu, Jan 4, 10:18 PM"," Jan 4, 10:18 PM","Thu, Jan 4, 11:02 PM",546,"Kadai Paneer x 1, Malai Kofta Curry x 1, Garlic Naan x 4",Gandhi Nagar adyar
Relish Nutrition,2017,Diet,,,Wed, 12:40 PM,"ORDER #1081640056 | Wed, Mar 1, 12:40 PM"," Mar 1, 12:40 PM","Wed, Mar 1, 1:50 PM",230,Creamy Balsamic Salad x 1,Alwarpet alwarpet
Rotiwala,2018,North Indian,,,Wed, 10:16 PM,"ORDER #1143987281 | Wed, Feb 21, 10:16 PM"," Feb 21, 10:16 PM","Wed, Feb 21, 10:39 PM",80,"Samosa (2 Pcs) x 1, Dhai Puri x 1",Shastri Nagar adyar
Rotiwala,2017,North Indian,,,Mon, 10:25 PM,"ORDER #1089267703 | Mon, May 8, 10:25 PM"," May 8, 10:25 PM","Mon, May 8, 10:51 PM",250,"Dal Fry x 1, Vindi Masala x 1, Aloo Methi x 1, Butter Phulka (1 Pc) x 6",Shastri Nagar adyar
Royal Sandwich,2018,Snacks,,,Mon, 4:17 PM,"ORDER #1153720160 | Mon, Mar 19, 4:17 PM"," Mar 19, 4:17 PM","Mon, Mar 19, 4:45 PM",210,"Dark Chocolate Banana Sandwich x 2, Paneer Cheese Panini x 1",Kotturpuram alwarpet
Royal Sandwich,2017,Snacks,,,Wed, 2:46 PM,"ORDER #1089421686 | Wed, May 10, 2:46 PM"," May 10, 2:46 PM","Wed, May 10, 3:22 PM",300,"Tandoori Chicken Cheese Grilled x 1, Panini Paneer Grilled Sandwich x 2, Tandoori Chicken Mayo Grilled x 1",TTK Road alwarpet
Shamji Sweets & Snacks,2017,Chaat,,,Thu, 9:51 AM,"ORDER #1101728658 | Thu, Aug 10, 9:51 AM"," Aug 10, 9:51 AM","Thu, Aug 10, 10:33 AM",278,"Samosa with Chutney (2 Pcs) x 3, Kachori with Chutney (2 Pcs) x 2, Poori Sabzi x 3",Sushant Lok dlfphase4
Sree Gupta Bhavan,2018,North Indian,,,Sun, 2:03 PM,"ORDER #1165439880 | Sun, Apr 15, 2:03 PM"," Apr 15, 2:03 PM","Sun, Apr 15, 2:31 PM",168,Ghar Ki Thali x 1,Opp. IGP Bus Stop kottivakkam omr-perungudi
Sree Gupta Bhavan,2018,North Indian,,,Wed, 10:26 PM,"ORDER #1160481540 | Wed, Apr 4, 10:26 PM"," Apr 4, 10:26 PM","Wed, Apr 4, 10:42 PM",168,Ghar Ki Thali x 1,Opp. IGP Bus Stop kottivakkam omr-perungudi
Sree Gupta Bhavan,2018,North Indian,,,Tue, 10:27 PM,"ORDER #1160098042 | Tue, Apr 3, 10:27 PM"," Apr 3, 10:27 PM","Tue, Apr 3, 10:53 PM",168,Ghar Ki Thali x 1,Opp. IGP Bus Stop kottivakkam omr-perungudi
Sree Gupta Bhavan,2018,North Indian,,,Sun, 3:16 PM,"ORDER #1156058302 | Sun, Mar 25, 3:16 PM"," Mar 25, 3:16 PM","Sun, Mar 25, 3:50 PM",168,Ghar Ki Thali x 1,Opp. IGP Bus Stop kottivakkam omr-perungudi
Sree Gupta Bhavan,2018,North Indian,,,Sat, 10:24 PM,"ORDER #1155796037 | Sat, Mar 24, 10:24 PM"," Mar 24, 10:24 PM","Sat, Mar 24, 10:53 PM",484,Dil Khush Thali x 2,Opp. IGP Bus Stop kottivakkam omr-perungudi
Sree Gupta Bhavan,2018,North Indian,,,Sun, 10:09 PM,"ORDER #1153543025 | Sun, Mar 18, 10:09 PM"," Mar 18, 10:09 PM","Sun, Mar 18, 10:31 PM",168,Ghar Ki Thali x 1,Opp. IGP Bus Stop kottivakkam omr-perungudi
Sree Gupta Bhavan,2018,North Indian,,,Thu, 8:55 PM,"ORDER #1152132438 | Thu, Mar 15, 8:55 PM"," Mar 15, 8:55 PM","Thu, Mar 15, 9:33 PM",247,"Ghar Ki Thali x 1, Pav Bhaji x 1",Opp. IGP Bus Stop kottivakkam omr-perungudi
Sree Gupta Bhavan,2018,North Indian,,,Wed, 2:43 PM,"ORDER #1146323813 | Wed, Feb 28, 2:43 PM"," Feb 28, 2:43 PM","Wed, Feb 28, 3:17 PM",168,Ghar Ki Thali x 1,Opp. IGP Bus Stop kottivakkam omr-perungudi
Sree Gupta Bhavan,2018,North Indian,,,Tue, 12:02 PM,"ORDER #1145942767 | Tue, Feb 27, 12:02 PM"," Feb 27, 12:02 PM","Tue, Feb 27, 12:40 PM",168,Ghar Ki Thali x 1,Opp. IGP Bus Stop kottivakkam omr-perungudi
Subway,2018,European,,,Sun, 8:25 PM,"ORDER #1169210664 | Sun, Apr 22, 8:25 PM"," Apr 22, 8:25 PM","Sun, Apr 22, 8:51 PM",208,Oven Roasted Chicken Salad x 1,Thiruvanmiyur adyar
Subway,2018,European,,,Sat, 10:45 PM,"ORDER #1158840534 | Sat, Mar 31, 10:45 PM"," Mar 31, 10:45 PM","Sat, Mar 31, 10:54 PM",220,Oven Roasted Chicken Salad x 1,Thiruvanmiyur adyar
Subway,2018,European,,,Sun, 11:47 AM,"ORDER #1155909843 | Sun, Mar 25, 11:47 AM"," Mar 25, 11:47 AM","Sun, Mar 25, 11:57 AM",130,"Mexican Patty Sub 6"" (15 cm) x 1",Thiruvanmiyur adyar
Subway,2018,European,,,Wed, 10:40 PM,"ORDER #1146528888 | Wed, Feb 28, 10:40 PM"," Feb 28, 10:40 PM","Wed, Feb 28, 10:55 PM",166,"Chicken Tikka Sub 6"" (15 cm) x 1",Thiruvanmiyur adyar
Subway,2018,European,,,Wed, 3:35 PM,"ORDER #1143819332 | Wed, Feb 21, 3:35 PM"," Feb 21, 3:35 PM","Wed, Feb 21, 3:46 PM",166,"Chicken Tikka Sub 6"" (15 cm) x 1",Thiruvanmiyur adyar
Subway,2018,European,,,Sun, 9:29 PM,"ORDER #1140578865 | Sun, Feb 11, 9:29 PM"," Feb 11, 9:29 PM","Sun, Feb 11, 9:47 PM",220,Roasted Chicken Salad x 1,Thiruvanmiyur adyar
Subway,2018,European,,,Wed, 10:56 PM,"ORDER #1139120964 | Wed, Feb 7, 10:56 PM"," Feb 7, 10:56 PM","Wed, Feb 7, 11:08 PM",220,Roasted Chicken Salad x 1,Thiruvanmiyur adyar
Subway,2018,European,,,Tue, 10:41 PM,"ORDER #1136545897 | Tue, Jan 30, 10:41 PM"," Jan 30, 10:41 PM","Tue, Jan 30, 11:03 PM",220,Chicken Tikka Salad x 1,Besant Nagar adyar
Subway,2018,European,,,Mon, 11:50 AM,"ORDER #1131853091 | Mon, Jan 15, 11:50 AM"," Jan 15, 11:50 AM","Mon, Jan 15, 12:26 PM",220,Roasted Chicken Salad x 1,Besant Nagar adyar
Subway,2018,European,,,Wed, 1:10 PM,"ORDER #1130372813 | Wed, Jan 10, 1:10 PM"," Jan 10, 1:10 PM","Wed, Jan 10, 1:39 PM",245,Roasted Chicken Salad x 1,MRC Nagar mylapore
Subway,2018,European,,,Sun, 3:22 PM,"ORDER #1129700115 | Sun, Jan 7, 3:22 PM"," Jan 7, 3:22 PM","Sun, Jan 7, 3:58 PM",245,Chicken Tikka Salad x 1,Besant Nagar adyar
Subway,2018,European,,,Thu, 1:44 PM,"ORDER #1128900539 | Thu, Jan 4, 1:44 PM"," Jan 4, 1:44 PM","Thu, Jan 4, 2:03 PM",370,"Aloo Patty Sub 6"" (15 cm) x 1, Roasted Chicken Salad x 1",Besant Nagar adyar
Subway,2017,European,,,Tue, 10:40 PM,"ORDER #1126980818 | Tue, Dec 26, 10:40 PM"," Dec 26, 10:40 PM","Tue, Dec 26, 10:54 PM",245,Roasted Chicken Salad x 1,Thiruvanmiyur adyar
Subway,2017,European,,,Wed, 1:39 PM,"ORDER #1125437846 | Wed, Dec 20, 1:39 PM"," Dec 20, 1:39 PM","Wed, Dec 20, 2:05 PM",315,Roasted Chicken Salad x 1,MRC Nagar mylapore
Subway,2017,European,,,Fri, 1:25 PM,"ORDER #1124229917 | Fri, Dec 15, 1:25 PM"," Dec 15, 1:25 PM","Fri, Dec 15, 1:59 PM",305,Roasted Chicken Salad x 1,MRC Nagar mylapore
Subway,2017,European,,,Thu, 1:43 PM,"ORDER #1124022813 | Thu, Dec 14, 1:43 PM"," Dec 14, 1:43 PM","Thu, Dec 14, 2:10 PM",305,Roasted Chicken Salad x 1,MRC Nagar mylapore
Subway,2017,European,,,Wed, 1:12 PM,"ORDER #1123809076 | Wed, Dec 13, 1:12 PM"," Dec 13, 1:12 PM","Wed, Dec 13, 1:42 PM",305,Roasted Chicken Salad x 1,MRC Nagar mylapore
Subway,2017,European,,,Sun, 11:42 PM,"ORDER #1123098660 | Sat, Dec 9, 11:42 PM"," Dec 9, 11:42 PM","Sun, Dec 10, 12:12 AM",336,"Roasted Chicken Sub 6"" (15 cm) x 1, Paneer Tikka Sub 6"" (15 cm) x 1",Besant Nagar adyar
Subway,2017,European,,,Thu, 4:53 PM,"ORDER #1115459013 | Thu, Nov 2, 4:53 PM"," Nov 2, 4:53 PM","Thu, Nov 2, 5:24 PM",300,"Roasted Chicken Sub 6"" (15 cm) x 1, Chatpata Chana Wrap x 1",Thiruvanmiyur adyar
Subway,2017,European,,,Fri, 5:13 PM,"ORDER #1105057539 | Fri, Sep 1, 5:13 PM"," Sep 1, 5:13 PM","Fri, Sep 1, 5:33 PM",270,Roasted Chicken Salad x 1,Thiruvanmiyur adyar
Subway,2017,European,,,Tue, 10:37 PM,"ORDER #1102650761 | Tue, Aug 15, 10:37 PM"," Aug 15, 10:37 PM","Tue, Aug 15, 10:47 PM",270,Roasted Chicken Salad x 1,Thiruvanmiyur adyar
Subway,2017,European,,,Tue, 11:16 PM,"ORDER #1100555078 | Tue, Aug 1, 11:16 PM"," Aug 1, 11:16 PM","Tue, Aug 1, 11:26 PM",240,"Roasted Chicken Sub 6"" (15 cm) x 1",Thiruvanmiyur adyar
Subway,2017,European,,,Wed, 10:42 PM,"ORDER #1098676872 | Wed, Jul 19, 10:42 PM"," Jul 19, 10:42 PM","Wed, Jul 19, 10:58 PM",270,Roasted Chicken Salad x 1,Thiruvanmiyur adyar
Subway,2017,European,,,Wed, 10:42 PM,"ORDER #1098676872 | Wed, Jul 19, 10:42 PM"," Jul 19, 10:42 PM","Wed, Jul 19, 10:58 PM",270,Roasted Chicken Salad x 1,Thiruvanmiyur adyar
Subway,2017,European,,,Mon, 10:55 PM,"ORDER #1096527810 | Mon, Jul 3, 10:55 PM"," Jul 3, 10:55 PM","Mon, Jul 3, 11:08 PM",270,Roasted Chicken Salad x 1,Thiruvanmiyur adyar
Subway,2017,European,,,Sat, 5:20 PM,"ORDER #1096165048 | Sat, Jul 1, 5:20 PM"," Jul 1, 5:20 PM","Sat, Jul 1, 5:41 PM",540,Roasted Chicken Salad x 2,Thiruvanmiyur adyar
Subway,2017,European,,,Mon, 10:55 PM,"ORDER #1096527810 | Mon, Jul 3, 10:55 PM"," Jul 3, 10:55 PM","Mon, Jul 3, 11:08 PM",270,Roasted Chicken Salad x 1,Thiruvanmiyur adyar
Subway,2017,European,,,Sat, 5:20 PM,"ORDER #1096165048 | Sat, Jul 1, 5:20 PM"," Jul 1, 5:20 PM","Sat, Jul 1, 5:41 PM",540,Roasted Chicken Salad x 2,Thiruvanmiyur adyar
Subway,2017,European,,,Mon, 10:55 PM,"ORDER #1096527810 | Mon, Jul 3, 10:55 PM"," Jul 3, 10:55 PM","Mon, Jul 3, 11:08 PM",270,Roasted Chicken Salad x 1,Thiruvanmiyur adyar
Subway,2017,European,,,Sat, 5:20 PM,"ORDER #1096165048 | Sat, Jul 1, 5:20 PM"," Jul 1, 5:20 PM","Sat, Jul 1, 5:41 PM",540,Roasted Chicken Salad x 2,Thiruvanmiyur adyar
Subway,2017,European,,,Mon, 10:55 PM,"ORDER #1096527810 | Mon, Jul 3, 10:55 PM"," Jul 3, 10:55 PM","Mon, Jul 3, 11:08 PM",270,Roasted Chicken Salad x 1,Thiruvanmiyur adyar
Subway,2017,European,,,Sat, 5:20 PM,"ORDER #1096165048 | Sat, Jul 1, 5:20 PM"," Jul 1, 5:20 PM","Sat, Jul 1, 5:41 PM",540,Roasted Chicken Salad x 2,Thiruvanmiyur adyar
Subway,2017,European,,,Mon, 10:10 PM,"ORDER #1090983619 | Mon, May 22, 10:10 PM"," May 22, 10:10 PM","Mon, May 22, 10:25 PM",421,"Roasted Chicken Salad x 1, Hara Bhara Kebab Sub 6"" (15 cm) x 1",Thiruvanmiyur adyar
Subway,2017,European,,,Sat, 7:43 PM,"ORDER #1089819143 | Sat, May 13, 7:43 PM"," May 13, 7:43 PM","Sat, May 13, 7:53 PM",270,Roasted Chicken Salad x 1,Thiruvanmiyur adyar
Subway,2017,European,,,Sat, 2:06 PM,"ORDER #1087263362 | Sat, Apr 22, 2:06 PM"," Apr 22, 2:06 PM","Sat, Apr 22, 2:25 PM",421,"Paneer Tikka Sub 6"" (15 cm) x 1, Italian B.M.T Sub 6"" (15 cm) x 1",Thiruvanmiyur adyar
Subway,2017,European,,,Sat, 4:39 PM,"ORDER #1084127620 | Sat, Mar 25, 4:39 PM"," Mar 25, 4:39 PM","Sat, Mar 25, 5:14 PM",270,Roasted Chicken Salad x 1,Thiruvanmiyur adyar
Subway,2017,European,,,Sun, 8:48 PM,"ORDER #1083548514 | Sun, Mar 19, 8:48 PM"," Mar 19, 8:48 PM","Sun, Mar 19, 9:19 PM",270,Roasted Chicken Salad x 1,Thiruvanmiyur adyar
Subway,2017,European,,,Thu, 2:42 PM,"ORDER #1081746948 | Thu, Mar 2, 2:42 PM"," Mar 2, 2:42 PM","Thu, Mar 2, 3:43 PM",250,Roasted Chicken Salad x 1,MRC Nagar mylapore
Subway,2017,European,,,Wed, 8:11 PM,"ORDER #1081686733 | Wed, Mar 1, 8:11 PM"," Mar 1, 8:11 PM","Wed, Mar 1, 8:56 PM",410,Veggie Delite Salad x 2,Thiruvanmiyur adyar
Subway,2017,European,,,Mon, 10:31 PM,"ORDER #1080838794 | Mon, Feb 20, 10:31 PM"," Feb 20, 10:31 PM","Mon, Feb 20, 10:59 PM",235,"6"" Chicken Seekh Sub x 1",Thiruvanmiyur adyar
Subway,2017,European,,,Mon, 10:41 PM,"ORDER #1079460129 | Mon, Feb 6, 10:41 PM"," Feb 6, 10:41 PM","Mon, Feb 6, 11:05 PM",205,Hara Bhara Kebab Salad x 1,Thiruvanmiyur adyar
Subway,2016,European,,,Sat, 10:25 PM,"ORDER #1075330018 | Sat, Dec 24, 10:25 PM"," Dec 24, 10:25 PM","Sat, Dec 24, 11:12 PM",270,Chicken Tikka Salad x 1,Nandanam alwarpet
Subway,2016,European,,,Fri, 6:16 PM,"ORDER #1075189075 | Fri, Dec 23, 6:16 PM"," Dec 23, 6:16 PM","Fri, Dec 23, 6:51 PM",270,Roasted Chicken Salad x 1,Nandanam alwarpet
Subway,2016,European,,,Sun, 11:42 AM,"ORDER #1074721324 | Sun, Dec 18, 11:42 AM"," Dec 18, 11:42 AM","Sun, Dec 18, 12:16 PM",290,Tuna Salad x 1,Nandanam alwarpet
Table 70,2018,European,,,Fri, 10:28 AM,"ORDER #1129064366 | Fri, Jan 5, 10:28 AM"," Jan 5, 10:28 AM","Fri, Jan 5, 10:59 AM",360,"Classic French Toast x 1, Creamy Scrambled Eggs with Spinach x 1",Besant Nagar adyar
Table 70,2017,European,,,Sun, 9:59 AM,"ORDER #1121599355 | Sun, Dec 3, 9:59 AM"," Dec 3, 9:59 AM","Sun, Dec 3, 10:45 AM",714,"Mexicana Frittata x 1, French Toast Stuffed with Cream Cheese & Wild Blueberry x 1, Scrambled Eggs x 1, Classic French Toast x 1",Besant Nagar adyar
Table 70,2017,European,,,Sat, 10:12 AM,"ORDER #1119858963 | Sat, Nov 25, 10:12 AM"," Nov 25, 10:12 AM","Sat, Nov 25, 10:45 AM",677,"3 Cheese Omelette x 1, Classic French Toast x 1, French Toast Stuffed with Cream Cheese & Wild Blueberry x 1, Akuri Spiced Scrambled Eggs x 1",Besant Nagar adyar
Table 70,2017,European,,,Fri, 8:58 AM,"ORDER #1119645240 | Fri, Nov 24, 8:58 AM"," Nov 24, 8:58 AM","Fri, Nov 24, 9:35 AM",677,"French Toast Stuffed with Cream Cheese & Wild Blueberry x 1, Scrambled Eggs x 1, 3 Cheese Omelette x 1, Classic French Toast x 1",Besant Nagar adyar
The Mama shop,2018,South Indian,,,Fri, 11:35 PM,"ORDER #1161348261 | Fri, Apr 6, 11:35 PM"," Apr 6, 11:35 PM","Fri, Apr 6, 11:57 PM",217,Veg Maggi Goreng x 1,Shastri Nagar adyar
The Mama shop,2018,South Indian,,,Mon, 10:36 PM,"ORDER #1159737065 | Mon, Apr 2, 10:36 PM"," Apr 2, 10:36 PM","Mon, Apr 2, 11:02 PM",187,Veg Maggi Goreng x 1,Shastri Nagar adyar
The Mama shop,2018,South Indian,,,Tue, 10:04 PM,"ORDER #1151451914 | Tue, Mar 13, 10:04 PM"," Mar 13, 10:04 PM","Tue, Mar 13, 10:23 PM",212,Veg Maggi Goreng x 1,Shastri Nagar adyar
The Mama shop,2018,South Indian,,,Tue, 11:20 PM,"ORDER #1148751450 | Tue, Mar 6, 11:20 PM"," Mar 6, 11:20 PM","Tue, Mar 6, 11:49 PM",217,Veg Maggi Goreng x 1,Shastri Nagar adyar
The Mama shop,2018,South Indian,,,Sun, 10:28 PM,"ORDER #1145574964 | Sun, Feb 25, 10:28 PM"," Feb 25, 10:28 PM","Sun, Feb 25, 11:03 PM",638,"Veg Maggi Goreng x 2, Curd Rice x 2",Shastri Nagar adyar
The Mama shop,2018,South Indian,,,Wed, 10:52 PM,"ORDER #1143999989 | Wed, Feb 21, 10:52 PM"," Feb 21, 10:52 PM","Wed, Feb 21, 11:19 PM",638,"Veg Maggi Goreng x 2, Curd Rice x 2",Shastri Nagar adyar
The Mama shop,2018,South Indian,,,Mon, 10:28 PM,"ORDER #1143373643 | Mon, Feb 19, 10:28 PM"," Feb 19, 10:28 PM","Mon, Feb 19, 10:56 PM",374,Veg Maggi Goreng x 2,Shastri Nagar adyar
Tulsi Foods,2017,Diet,,,Fri, 1:45 PM,"ORDER #1122661759 | Fri, Dec 8, 1:45 PM"," Dec 8, 1:45 PM","Fri, Dec 8, 2:21 PM",217,North Indian Thali x 1,CIT Colony mylapore
Tulsi Foods,2017,Diet,,,Mon, 11:44 AM,"ORDER #1121873234 | Mon, Dec 4, 11:44 AM"," Dec 4, 11:44 AM","Mon, Dec 4, 12:43 PM",157,Paneer Tikka x 1,CIT Colony mylapore
Vaishno Thali,2018,North Indian,,,Wed, 1:27 PM,"ORDER #1170358832 | Wed, Apr 25, 1:27 PM"," Apr 25, 1:27 PM","Wed, Apr 25, 1:53 PM",257,"Rajma(300 Gm) x 1, Jeera Rice x 1, Roti (1 Pc) x 3, Paneer Bhurji (200 Gm) x 1",Thiruvanmiyur ECR-kottivakkam
Vaishno Thali,2018,North Indian,,,Mon, 12:33 PM,"ORDER #1169456838 | Mon, Apr 23, 12:33 PM"," Apr 23, 12:33 PM","Mon, Apr 23, 1:03 PM",138,"Rajma(300 Gm) x 1, Jeera Rice x 1, Roti (1 Pc) x 1",Thiruvanmiyur ECR-kottivakkam
Vaishno Thali,2018,North Indian,,,Sun, 12:24 PM,"ORDER #1168831483 | Sun, Apr 22, 12:24 PM"," Apr 22, 12:24 PM","Sun, Apr 22, 1:05 PM",99,"Bhindi Masala (200 Gm) x 1, Roti (1 Pc) x 3",Thiruvanmiyur ECR-kottivakkam
Vaishno Thali,2018,North Indian,,,Sun, 10:17 PM,"ORDER #1165823035 | Sun, Apr 15, 10:17 PM"," Apr 15, 10:17 PM","Sun, Apr 15, 10:42 PM",247,"Rajma(300 Gm) x 1, Mattar Paneer (300 Gm) x 1, Roti (1 Pc) x 3, Jeera Rice x 1",Thiruvanmiyur ECR-kottivakkam
Vaishno Thali,2018,North Indian,,,Fri, 12:45 PM,"ORDER #1164263495 | Fri, Apr 13, 12:45 PM"," Apr 13, 12:45 PM","Fri, Apr 13, 1:04 PM",237,"Chole Palak(300 Gm) x 1, Rajma(300 Gm) x 1, Jeera Rice x 1, Phulka (1 Pc) x 3",Thiruvanmiyur ECR-kottivakkam
Vaishno Thali,2018,North Indian,,,Wed, 9:37 PM,"ORDER #1163684871 | Wed, Apr 11, 9:37 PM"," Apr 11, 9:37 PM","Wed, Apr 11, 10:00 PM",158,"Rajma(300 Gm) x 1, Roti (1 Pc) x 1, Jeera Rice x 1, Curd x 1",Thiruvanmiyur ECR-kottivakkam
Vaishno Thali,2018,North Indian,,,Tue, 9:20 PM,"ORDER #1163256361 | Tue, Apr 10, 9:20 PM"," Apr 10, 9:20 PM","Tue, Apr 10, 10:07 PM",227,"Rajma(300 Gm) x 1, Baingan ka Bharta (300 Gm) x 1, Phulka (1 Pc) x 3, Jeera Rice x 1",Thiruvanmiyur ECR-kottivakkam
Vaishno Thali,2018,North Indian,,,Wed, 9:56 PM,"ORDER #1154533249 | Wed, Mar 21, 9:56 PM"," Mar 21, 9:56 PM","Wed, Mar 21, 10:26 PM",168,"Rajma(300 Gm) x 1, Bhindi Masala (200 Gm) x 1, Roti (1 Pc) x 3",Thiruvanmiyur ECR-kottivakkam
Vaishno Thali,2018,North Indian,,,Tue, 9:56 PM,"ORDER #1154194588 | Tue, Mar 20, 9:56 PM"," Mar 20, 9:56 PM","Tue, Mar 20, 10:22 PM",119,"Mattar Paneer (300 Gm) x 1, Roti (1 Pc) x 3",Thiruvanmiyur ECR-kottivakkam
Vaishno Thali,2018,North Indian,,,Mon, 9:36 PM,"ORDER #1153851309 | Mon, Mar 19, 9:36 PM"," Mar 19, 9:36 PM","Mon, Mar 19, 10:01 PM",119,"Mattar Paneer (300 Gm) x 1, Roti (1 Pc) x 3",Thiruvanmiyur ECR-kottivakkam
Vaishno Thali,2018,North Indian,,,Mon, 2:16 PM,"ORDER #1153685999 | Mon, Mar 19, 2:16 PM"," Mar 19, 2:16 PM","Mon, Mar 19, 2:34 PM",99,"Rajma(300 Gm) x 1, Roti (1 Pc) x 3",Thiruvanmiyur ECR-kottivakkam
Vaishno Thali,2018,North Indian,,,Wed, 9:36 PM,"ORDER #1151795425 | Wed, Mar 14, 9:36 PM"," Mar 14, 9:36 PM","Wed, Mar 14, 10:01 PM",208,"Rajma(300 Gm) x 1, Paneer Bhurji (200 Gm) x 1, Phulka (1 Pc) x 4",Thiruvanmiyur ECR-kottivakkam
Vaishno Thali,2018,North Indian,,,Wed, 8:34 PM,"ORDER #1148993782 | Wed, Mar 7, 8:34 PM"," Mar 7, 8:34 PM","Wed, Mar 7, 9:19 PM",178,"Rajma(300 Gm) x 1, Baingan ka Bharta (300 Gm) x 1, Roti (1 Pc) x 4",Thiruvanmiyur ECR-kottivakkam
Vaishno Thali,2018,North Indian,,,Can, 10:44 PM,"ORDER #1148742708 | Tue, Mar 6, 10:44 PM"," Mar 6, 10:44 PM","Cancelled on Tue, Mar 6, 11:13 PM",203,"Rajma(300 Gm) x 1, Baingan ka Bharta (300 Gm) x 1, Roti (1 Pc) x 4",Thiruvanmiyur ECR-kottivakkam
Vaishno Thali,2018,North Indian,,,Thu, 9:26 PM,"ORDER #1139385020 | Thu, Feb 8, 9:26 PM"," Feb 8, 9:26 PM","Thu, Feb 8, 9:52 PM",162,"Jeera Aloo (300 Gm) x 1, Punjabi Chole Masala (300 Gm) x 1, Roti (1 Pc) x 3",Thiruvanmiyur ECR-kottivakkam
Vaishno Thali,2018,North Indian,,,Wed, 3:05 PM,"ORDER #1138939592 | Wed, Feb 7, 3:05 PM"," Feb 7, 3:05 PM","Wed, Feb 7, 3:31 PM",274,"Palak Paneer(300 Gm) x 1, Rajma(300 Gm) x 1, Bhindi Masala (200 Gm) x 1, Roti (1 Pc) x 6, Steamed Rice x 1",Thiruvanmiyur ECR-kottivakkam
Vaishno Thali,2018,North Indian,,,Mon, 9:57 PM,"ORDER #1138515425 | Mon, Feb 5, 9:57 PM"," Feb 5, 9:57 PM","Mon, Feb 5, 10:42 PM",170,"Punjabi Chole Masala (300 Gm) x 1, Bhindi Masala (200 Gm) x 1, Roti (1 Pc) x 4",Thiruvanmiyur ECR-kottivakkam
Vaishno Thali,2018,North Indian,,,Mon, 1:51 PM,"ORDER #1138350238 | Mon, Feb 5, 1:51 PM"," Feb 5, 1:51 PM","Mon, Feb 5, 2:16 PM",350,"Rajma(300 Gm) x 2, Bhindi Masala (200 Gm) x 2, Veg Pulao x 1, Roti (1 Pc) x 3",Thiruvanmiyur ECR-kottivakkam
Vaishno Thali,2018,North Indian,,,Mon, 9:53 PM,"ORDER #1136258373 | Mon, Jan 29, 9:53 PM"," Jan 29, 9:53 PM","Mon, Jan 29, 10:23 PM",192,"Palak Paneer(300 Gm) x 1, Punjabi Chole Masala (300 Gm) x 1, Roti (1 Pc) x 4, Butter Roti (1 Pc) x 1",Thiruvanmiyur ECR-kottivakkam
Vaishno Thali,2018,North Indian,,,Fri, 9:50 PM,"ORDER #1135291222 | Fri, Jan 26, 9:50 PM"," Jan 26, 9:50 PM","Fri, Jan 26, 10:07 PM",89,Roti Combo x 1,Thiruvanmiyur ECR-kottivakkam
Vaishno Thali,2018,North Indian,,,Thu, 9:54 PM,"ORDER #1134928159 | Thu, Jan 25, 9:54 PM"," Jan 25, 9:54 PM","Thu, Jan 25, 10:19 PM",79,Plain Paratha Combo x 1,Thiruvanmiyur ECR-kottivakkam
Vaishno Thali,2018,North Indian,,,Mon, 9:30 PM,"ORDER #1134110990 | Mon, Jan 22, 9:30 PM"," Jan 22, 9:30 PM","Mon, Jan 22, 9:44 PM",79,Plain Paratha Combo x 1,Thiruvanmiyur ECR-kottivakkam
Vaishno Thali,2018,North Indian,,,Sat, 1:09 PM,"ORDER #1133225327 | Sat, Jan 20, 1:09 PM"," Jan 20, 1:09 PM","Sat, Jan 20, 1:35 PM",79,Plain Paratha Combo x 1,Thiruvanmiyur ECR-kottivakkam
Vaishno Thali,2018,North Indian,,,Fri, 9:20 PM,"ORDER #1133082715 | Fri, Jan 19, 9:20 PM"," Jan 19, 9:20 PM","Fri, Jan 19, 9:52 PM",79,Plain Paratha Combo x 1,Thiruvanmiyur ECR-kottivakkam
Vaishno Thali,2018,North Indian,,,Thu, 8:56 PM,"ORDER #1132782783 | Thu, Jan 18, 8:56 PM"," Jan 18, 8:56 PM","Thu, Jan 18, 9:28 PM",79,Plain Paratha Combo x 1,Thiruvanmiyur ECR-kottivakkam
Vaishno Thali,2018,North Indian,,,Wed, 9:25 PM,"ORDER #1132543264 | Wed, Jan 17, 9:25 PM"," Jan 17, 9:25 PM","Wed, Jan 17, 9:47 PM",89,Roti Combo x 1,Thiruvanmiyur ECR-kottivakkam
Vaishno Thali,2018,North Indian,,,Mon, 3:10 PM,"ORDER #1131919473 | Mon, Jan 15, 3:10 PM"," Jan 15, 3:10 PM","Mon, Jan 15, 3:39 PM",180,"Rajma(300 Gm) x 1, Palak Paneer(300 Gm) x 1, Phulka (1 Pc) x 4, Gulab Jamun (1 Pc) x 1",Thiruvanmiyur ECR-kottivakkam
Vaishno Thali,2017,North Indian,,,Sun, 9:38 PM,"ORDER #1126519428 | Sun, Dec 24, 9:38 PM"," Dec 24, 9:38 PM","Sun, Dec 24, 9:55 PM",183,"Rajma x 1, Baingan ka Bharta (250 Gms) x 1, Plain Paratha (1 Pc) x 3",Thiruvanmiyur ECR-kottivakkam
Vaishno Thali,2017,North Indian,,,Sat, 3:08 PM,"ORDER #1122932703 | Sat, Dec 9, 3:08 PM"," Dec 9, 3:08 PM","Sat, Dec 9, 3:27 PM",144,"Rajma x 1, Plain Paratha (1 Pc) x 3",Thiruvanmiyur ECR-kottivakkam
Vaishno Thali,2017,North Indian,,,Sun, 1:34 PM,"ORDER #1120194007 | Sun, Nov 26, 1:34 PM"," Nov 26, 1:34 PM","Sun, Nov 26, 1:57 PM",243,"Paneer Bhurji x 1, Rajma x 1, Plain Paratha (1 Pc) x 3",Thiruvanmiyur ECR-kottivakkam
Vaishno Thali,2017,North Indian,,,Mon, 2:15 PM,"ORDER #1118974541 | Mon, Nov 20, 2:15 PM"," Nov 20, 2:15 PM","Mon, Nov 20, 2:45 PM",243,"Punjabi Chole Masala (350 Gm) x 1, Paneer Bhurji x 1, Plain Paratha (1 Pc) x 3",Thiruvanmiyur ECR-kottivakkam
Vaishno Thali,2017,North Indian,,,Wed, 12:53 PM,"ORDER #1117902873 | Wed, Nov 15, 12:53 PM"," Nov 15, 12:53 PM","Wed, Nov 15, 1:22 PM",361,"Plain Paratha (1 Pc) x 3, Rajma x 2, Baingan ka Bharta (250 Gms) x 2, Mint Paratha (1 Pc) x 2",Thiruvanmiyur ECR-kottivakkam
Vaishno Thali,2017,North Indian,,,Sun, 3:05 PM,"ORDER #1111026604 | Sun, Oct 8, 3:05 PM"," Oct 8, 3:05 PM","Sun, Oct 8, 3:41 PM",213,"Punjabi Chole Masala (350 Gm) x 1, Baingan ka Bharta (250 Gms) x 1, Plain Paratha (1 Pc) x 3",Thiruvanmiyur ECR-kottivakkam
Vaishno Thali,2017,North Indian,,,Fri, 9:56 PM,"ORDER #1110706830 | Fri, Oct 6, 9:56 PM"," Oct 6, 9:56 PM","Fri, Oct 6, 10:20 PM",243,"Punjabi Chole Masala (350 Gm) x 1, Paneer Bhurji x 1, Plain Paratha (1 Pc) x 3",Thiruvanmiyur ECR-kottivakkam
Vaishno Thali,2017,North Indian,,,Sun, 3:44 PM,"ORDER #1109849821 | Sun, Oct 1, 3:44 PM"," Oct 1, 3:44 PM","Sun, Oct 1, 4:23 PM",287,"Punjabi Chole Masala (350 Gm) x 1, Paneer Bhurji x 1, Tadka Dal (400 ml) x 1, Mint Paratha (1 Pc) x 2, Plain Paratha (1 Pc) x 2",Thiruvanmiyur ECR-kottivakkam
Vaishno Thali,2017,North Indian,,,Sat, 12:46 PM,"ORDER #1108482871 | Sat, Sep 23, 12:46 PM"," Sep 23, 12:46 PM","Sat, Sep 23, 1:09 PM",277,"Punjabi Chole Masala (350 Gm) x 2, Plain Paratha (1 Pc) x 2, Baingan ka Bharta (250 Gms) x 1, Mint Paratha (1 Pc) x 2",Thiruvanmiyur ECR-kottivakkam
Vaishno Thali,2017,North Indian,,,Sun, 12:14 PM,"ORDER #1106414701 | Sun, Sep 10, 12:14 PM"," Sep 10, 12:14 PM","Sun, Sep 10, 12:51 PM",243,"Punjabi Chole Masala (350 Gm) x 1, Paneer Bhurji x 1, Plain Paratha (1 Pc) x 3",Thiruvanmiyur ECR-kottivakkam
Vaishno Thali,2017,North Indian,,,Fri, 9:46 PM,"ORDER #1106180986 | Fri, Sep 8, 9:46 PM"," Sep 8, 9:46 PM","Fri, Sep 8, 10:25 PM",243,"Punjabi Chole Masala (350 Gm) x 1, Paneer Bhurji x 1, Plain Paratha (1 Pc) x 3",Thiruvanmiyur ECR-kottivakkam
Vaishno Thali,2017,North Indian,,,Sat, 2:17 PM,"ORDER #1103108047 | Sat, Aug 19, 2:17 PM"," Aug 19, 2:17 PM","Sat, Aug 19, 2:48 PM",321,"Punjabi Chole Masala (350 Gm) x 1, Paneer Bhurji x 1, Tadka Dal (400 ml) x 1, Plain Paratha (1 Pc) x 3, Jeera Rice x 1",Thiruvanmiyur ECR-kottivakkam
Vaishno Thali,2017,North Indian,,,Wed, 9:25 PM,"ORDER #1102759825 | Wed, Aug 16, 9:25 PM"," Aug 16, 9:25 PM","Wed, Aug 16, 10:18 PM",300,"Roti (1 Pc) x 3, Punjabi Chole Masala (350 Gm) x 1, Paneer Bhurji x 1, Tadka Dal (400 ml) x 1, Jeera Rice x 1",Thiruvanmiyur ECR-kottivakkam
Vaishno Thali,2017,North Indian,,,Mon, 9:45 PM,"ORDER #1101455311 | Mon, Aug 7, 9:45 PM"," Aug 7, 9:45 PM","Mon, Aug 7, 10:21 PM",391,"Paneer Bhurji x 2, Mattar Mushroom x 1, Rajma x 1, Plain Paratha (1 Pc) x 3",Thiruvanmiyur ECR-kottivakkam
Vaishno Thali,2017,North Indian,,,Can, 3:09 PM,"ORDER #1101222188 | Sun, Aug 6, 3:09 PM"," Aug 6, 3:09 PM","Cancelled on Sun, Aug 6, 3:29 PM",228,"Paneer Bhurji x 1, Punjabi Chole Masala (350 Gm) x 1, Plain Paratha (1 Pc) x 2",Thiruvanmiyur ECR-kottivakkam
Vaishno Thali,2017,North Indian,,,Sat, 9:44 PM,"ORDER #1101114621 | Sat, Aug 5, 9:44 PM"," Aug 5, 9:44 PM","Sat, Aug 5, 10:38 PM",258,"Punjabi Chole Masala (350 Gm) x 1, Paneer Bhurji x 1, Plain Paratha (1 Pc) x 4",Thiruvanmiyur ECR-kottivakkam
Vaishno Thali,2017,North Indian,,,Thu, 9:48 PM,"ORDER #1100800060 | Thu, Aug 3, 9:48 PM"," Aug 3, 9:48 PM","Thu, Aug 3, 10:08 PM",258,"Paneer Bhurji x 1, Punjabi Chole Masala (350 Gm) x 1, Plain Paratha (1 Pc) x 4",Thiruvanmiyur ECR-kottivakkam
Vaishno Thali,2017,North Indian,,,Mon, 1:30 PM,"ORDER #1100338918 | Mon, Jul 31, 1:30 PM"," Jul 31, 1:30 PM","Mon, Jul 31, 1:47 PM",252,"Paneer Bhurji x 2, Phulka (1 Pc) x 3",Thiruvanmiyur ECR-kottivakkam
Vaishno Thali,2017,North Indian,,,Sat, 4:42 PM,"ORDER #1100016766 | Sat, Jul 29, 4:42 PM"," Jul 29, 4:42 PM","Sat, Jul 29, 5:02 PM",153,"Paneer Bhurji x 1, Roti (1 Pc) x 3",Thiruvanmiyur ECR-kottivakkam
Vaishno Thali,2017,North Indian,,,Sat, 4:08 PM,"ORDER #1098057580 | Sat, Jul 15, 4:08 PM"," Jul 15, 4:08 PM","Sat, Jul 15, 4:28 PM",123,"Punjabi Chole Masala (350 Gm) x 1, Roti (1 Pc) x 3",Thiruvanmiyur ECR-kottivakkam
Vaishno Thali,2017,North Indian,,,Sat, 4:42 PM,"ORDER #1100016766 | Sat, Jul 29, 4:42 PM"," Jul 29, 4:42 PM","Sat, Jul 29, 5:02 PM",153,"Paneer Bhurji x 1, Roti (1 Pc) x 3",Thiruvanmiyur ECR-kottivakkam
Vaishno Thali,2017,North Indian,,,Sat, 4:08 PM,"ORDER #1098057580 | Sat, Jul 15, 4:08 PM"," Jul 15, 4:08 PM","Sat, Jul 15, 4:28 PM",123,"Punjabi Chole Masala (350 Gm) x 1, Roti (1 Pc) x 3",Thiruvanmiyur ECR-kottivakkam
Vaishno Thali,2017,North Indian,,,Wed, 9:51 PM,"ORDER #1096753747 | Wed, Jul 5, 9:51 PM"," Jul 5, 9:51 PM","Wed, Jul 5, 10:27 PM",129,Paneer Bhurji x 1,Thiruvanmiyur ECR-kottivakkam
Vaishno Thali,2017,North Indian,,,Wed, 9:51 PM,"ORDER #1096753747 | Wed, Jul 5, 9:51 PM"," Jul 5, 9:51 PM","Wed, Jul 5, 10:27 PM",129,Paneer Bhurji x 1,Thiruvanmiyur ECR-kottivakkam
Vaishno Thali,2017,North Indian,,,Wed, 9:51 PM,"ORDER #1096753747 | Wed, Jul 5, 9:51 PM"," Jul 5, 9:51 PM","Wed, Jul 5, 10:27 PM",129,Paneer Bhurji x 1,Thiruvanmiyur ECR-kottivakkam
Vaishno Thali,2017,North Indian,,,Wed, 9:51 PM,"ORDER #1096753747 | Wed, Jul 5, 9:51 PM"," Jul 5, 9:51 PM","Wed, Jul 5, 10:27 PM",129,Paneer Bhurji x 1,Thiruvanmiyur ECR-kottivakkam
Vaishno Thali,2017,North Indian,,,Mon, 2:24 PM,"ORDER #1095510416 | Mon, Jun 26, 2:24 PM"," Jun 26, 2:24 PM","Mon, Jun 26, 2:40 PM",230,"Punjabi Chole Masala (350 Gm) x 1, Paneer Bhurji x 1, Roti (1 Pc) x 4",Thiruvanmiyur ECR-kottivakkam
Vaishno Thali,2017,North Indian,,,Tue, 9:03 PM,"ORDER #1089360197 | Tue, May 9, 9:03 PM"," May 9, 9:03 PM","Tue, May 9, 9:37 PM",255,"Baingan ka Bharta (250 Gms) x 1, Mattar Aloo (250 Gms) x 1, Rajma x 1, Roti (1 Pc) x 6",Thiruvanmiyur ECR-kottivakkam
Vaishno Thali,2017,North Indian,,,Tue, 9:14 PM,"ORDER #1088507642 | Tue, May 2, 9:14 PM"," May 2, 9:14 PM","Tue, May 2, 10:07 PM",263,"Punjabi Chole Masala (350 Gm) x 1, Mattar Aloo (250 Gms) x 1, Roti (1 Pc) x 7, Baingan ka Bharta (250 Gms) x 1",Thiruvanmiyur ECR-kottivakkam
Vaishno Thali,2017,North Indian,,,Mon, 9:54 PM,"ORDER #1088414015 | Mon, May 1, 9:54 PM"," May 1, 9:54 PM","Mon, May 1, 10:22 PM",224,"Punjabi Chole Masala (350 Gm) x 1, Baingan ka Bharta (250 Gms) x 1, Roti (1 Pc) x 7",Thiruvanmiyur ECR-kottivakkam
Vaishno Thali,2017,North Indian,,,Sun, 9:34 PM,"ORDER #1083560865 | Sun, Mar 19, 9:34 PM"," Mar 19, 9:34 PM","Sun, Mar 19, 10:02 PM",216,"Punjabi Chole Masala (350 Gm) x 1, Baingan ka Bharta (250 Gms) x 1, Roti (1 Pc) x 6",Thiruvanmiyur ECR-kottivakkam
Vaishno Thali,2017,North Indian,,,Sun, 9:04 PM,"ORDER #1082838300 | Sun, Mar 12, 9:04 PM"," Mar 12, 9:04 PM","Sun, Mar 12, 9:48 PM",196,"Punjabi Chole Masala (350 Gm) x 1, Tadka Dal (400 ml) x 1, Roti (1 Pc) x 6",Thiruvanmiyur ECR-kottivakkam
Vaishno Thali,2017,North Indian,,,Thu, 9:14 PM,"ORDER #1082495954 | Thu, Mar 9, 9:14 PM"," Mar 9, 9:14 PM","Thu, Mar 9, 9:44 PM",123,"Roti (1 Pc) x 3, Punjabi Chole Masala (350 Gm) x 1",Thiruvanmiyur ECR-kottivakkam
Vaishno Thali,2017,North Indian,,,Thu, 9:29 PM,"ORDER #1081794331 | Thu, Mar 2, 9:29 PM"," Mar 2, 9:29 PM","Thu, Mar 2, 9:54 PM",123,"Punjabi Chole Masala (350 Gm) x 1, Roti (1 Pc) x 3",Thiruvanmiyur ECR-kottivakkam
Vaishno Thali,2017,North Indian,,,Fri, 9:26 PM,"ORDER #1080482488 | Fri, Feb 17, 9:26 PM"," Feb 17, 9:26 PM","Fri, Feb 17, 10:03 PM",192,"Punjabi Chole Masala (350 Gm) x 1, Baingan ka Bharta (250 Gms) x 1, Roti (1 Pc) x 3",Thiruvanmiyur ECR-kottivakkam
Vaishno Thali,2017,North Indian,,,Wed, 9:17 PM,"ORDER #1080298333 | Wed, Feb 15, 9:17 PM"," Feb 15, 9:17 PM","Wed, Feb 15, 9:53 PM",204,"Tadka Dal (400 ml) x 1, Roti (1 Pc) x 7, Punjabi Chole Masala (350 Gm) x 1",Thiruvanmiyur ECR-kottivakkam
Zeeshan Restaurant,2018,North Indian,,,Thu, 10:27 PM,"ORDER #1164141184 | Thu, Apr 12, 10:27 PM"," Apr 12, 10:27 PM","Thu, Apr 12, 11:07 PM",851,"Nizami Handi x 1, Kadai Paneer x 1, Veg Biryani x 1, Garlic Naan x 1, Mixed Raita x 1, Stuffed Veg Kulcha x 1, Butter Naan x 1",Perungudi main road omr-perungudi
Zeeshan Restaurant,2017,North Indian,,,Mon, 10:34 PM,"ORDER #1087601926 | Mon, Apr 24, 10:34 PM"," Apr 24, 10:34 PM","Mon, Apr 24, 11:11 PM",326,"Palak Paneer x 1, Plain Naan x 3",Perungudi main road omr-perungudi
Zeeshan Restaurant,2017,North Indian,,,Sun, 9:52 PM,"ORDER #1087496442 | Sun, Apr 23, 9:52 PM"," Apr 23, 9:52 PM","Sun, Apr 23, 10:22 PM",571,"Nizami Handi x 1, Veg Biryani x 1, Plain Naan x 2, Plain Kulcha x 1, Veg Green Salad x 1, Masala Papad x 1",Perungudi main road omr-perungudi
Zeeshan Restaurant,2017,North Indian,,,Thu, 10:23 PM,"ORDER #1087100485 | Thu, Apr 20, 10:23 PM"," Apr 20, 10:23 PM","Thu, Apr 20, 10:43 PM",316,"Veg Shahi Korma x 1, Plain Naan x 2, Tandoori Roti x 1",Perungudi main road omr-perungudi
Zeeshan Restaurant,2017,North Indian,,,Wed, 10:17 PM,"ORDER #1086996810 | Wed, Apr 19, 10:17 PM"," Apr 19, 10:17 PM","Wed, Apr 19, 10:45 PM",510,"Paneer Tikka Butter Masala x 1, Plain Naan x 4, Masala Papad x 1, Cucumber Raita x 1, Veg Green Salad x 1",Perungudi main road omr-perungudi
Zeeshan Restaurant,2017,North Indian,,,Sun, 10:04 PM,"ORDER #1086700119 | Sun, Apr 16, 10:04 PM"," Apr 16, 10:04 PM","Sun, Apr 16, 10:29 PM",336,"Nizami Handi x 1, Plain Naan x 3",Perungudi main road omr-perungudi
Zeeshan Restaurant,2017,North Indian,,,Mon, 10:12 PM,"ORDER #1085205214 | Mon, Apr 3, 10:12 PM"," Apr 3, 10:12 PM","Mon, Apr 3, 10:45 PM",469,"Nizami Handi x 1, Plain Naan x 4, Veg Green Salad x 1, Mixed Raita x 1",Perungudi main road omr-perungudi
Zeeshan Restaurant,2017,North Indian,,,Can, 10:54 PM,"ORDER #1084634878 | Wed, Mar 29, 10:54 PM"," Mar 29, 10:54 PM",Cancelled on,234,"Aloo Mattar x 1, Tandoori Roti x 2",Perungudi main road omr-perungudi
Zeeshan Restaurant,2017,North Indian,,,Tue, 11:03 PM,"ORDER #1084533097 | Tue, Mar 28, 11:03 PM"," Mar 28, 11:03 PM","Tue, Mar 28, 11:34 PM",296,"Palak Paneer x 1, Tandoori Roti x 3",Perungudi main road omr-perungudi
Zeeshan Restaurant,2017,North Indian,,,Thu, 9:06 PM,"ORDER #1083189301 | Thu, Mar 16, 9:06 PM"," Mar 16, 9:06 PM","Thu, Mar 16, 9:35 PM",398,"Veg Biryani x 1, Nizami Handi x 1, Plain Naan x 1",Perungudi main road omr-perungudi
Zeeshan Restaurant,2017,North Indian,,,Can, 10:19 PM,"ORDER #1082606293 | Fri, Mar 10, 10:19 PM"," Mar 10, 10:19 PM",Cancelled on,214,"Aloo Mattar x 1, Plain Naan x 1",Perungudi main road omr-perungudi
Zeeshan Restaurant,2017,North Indian,,,Sun, 8:51 PM,"ORDER #1082144040 | Sun, Mar 5, 8:51 PM"," Mar 5, 8:51 PM","Sun, Mar 5, 9:36 PM",663,"Nizami Handi x 1, Veg Biryani x 1, Plain Naan x 4, Veg Green Salad x 1, Mixed Raita x 1, Masala Papad x 1",Perungudi main road omr-perungudi
Zeeshan Restaurant,2017,North Indian,,,Fri, 11:07 PM,"ORDER #1081905883 | Fri, Mar 3, 11:07 PM"," Mar 3, 11:07 PM","Fri, Mar 3, 11:38 PM",367,"Nizami Handi x 1, Plain Naan x 4",Perungudi main road omr-perungudi
Zeeshan Restaurant,2017,North Indian,,,Thu, 10:34 PM,"ORDER #1081111004 | Thu, Feb 23, 10:34 PM"," Feb 23, 10:34 PM","Thu, Feb 23, 11:07 PM",428,"Nizami Handi x 1, Plain Naan x 2, Veg Green Salad x 1, Masala Papad x 1, Mixed Raita x 1",Perungudi main road omr-perungudi